<metadata xml:lang="en"><Esri><CreaDate>20181005</CreaDate><CreaTime>17042800</CreaTime><ArcGISFormat>1.0</ArcGISFormat><SyncOnce>FALSE</SyncOnce><DataProperties><itemProps><itemName Sync="TRUE">Paths</itemName><imsContentType Sync="TRUE">002</imsContentType><itemSize Sync="TRUE">0.000</itemSize><itemLocation><linkage Sync="TRUE">file://\\pathvufs8\enterprise_databases\GIS\Data\Portland OR\USDOT CLIN4 8_20_20\Paths.shp</linkage><protocol Sync="TRUE">Local Area Network</protocol></itemLocation></itemProps><coordRef><type Sync="TRUE">Projected</type><geogcsn Sync="TRUE">GCS_WGS_1984</geogcsn><csUnits Sync="TRUE">Linear Unit: Meter (1.000000)</csUnits><peXml Sync="TRUE">&lt;ProjectedCoordinateSystem xsi:type='typens:ProjectedCoordinateSystem' xmlns:xsi='http://www.w3.org/2001/XMLSchema-instance' xmlns:xs='http://www.w3.org/2001/XMLSchema' xmlns:typens='http://www.esri.com/schemas/ArcGIS/2.5.0'&gt;&lt;WKT&gt;PROJCS[&amp;quot;WGS_1984_Web_Mercator_Auxiliary_Sphere&amp;quot;,GEOGCS[&amp;quot;GCS_WGS_1984&amp;quot;,DATUM[&amp;quot;D_WGS_1984&amp;quot;,SPHEROID[&amp;quot;WGS_1984&amp;quot;,6378137.0,298.257223563]],PRIMEM[&amp;quot;Greenwich&amp;quot;,0.0],UNIT[&amp;quot;Degree&amp;quot;,0.0174532925199433]],PROJECTION[&amp;quot;Mercator_Auxiliary_Sphere&amp;quot;],PARAMETER[&amp;quot;False_Easting&amp;quot;,0.0],PARAMETER[&amp;quot;False_Northing&amp;quot;,0.0],PARAMETER[&amp;quot;Central_Meridian&amp;quot;,0.0],PARAMETER[&amp;quot;Standard_Parallel_1&amp;quot;,0.0],PARAMETER[&amp;quot;Auxiliary_Sphere_Type&amp;quot;,0.0],UNIT[&amp;quot;Meter&amp;quot;,1.0],AUTHORITY[&amp;quot;EPSG&amp;quot;,3857]]&lt;/WKT&gt;&lt;XOrigin&gt;-20037700&lt;/XOrigin&gt;&lt;YOrigin&gt;-30241100&lt;/YOrigin&gt;&lt;XYScale&gt;148923141.92838538&lt;/XYScale&gt;&lt;ZOrigin&gt;-100000&lt;/ZOrigin&gt;&lt;ZScale&gt;10000&lt;/ZScale&gt;&lt;MOrigin&gt;-100000&lt;/MOrigin&gt;&lt;MScale&gt;10000&lt;/MScale&gt;&lt;XYTolerance&gt;0.001&lt;/XYTolerance&gt;&lt;ZTolerance&gt;0.001&lt;/ZTolerance&gt;&lt;MTolerance&gt;0.001&lt;/MTolerance&gt;&lt;HighPrecision&gt;true&lt;/HighPrecision&gt;&lt;WKID&gt;102100&lt;/WKID&gt;&lt;LatestWKID&gt;3857&lt;/LatestWKID&gt;&lt;/ProjectedCoordinateSystem&gt;</peXml><projcsn Sync="TRUE">WGS_1984_Web_Mercator_Auxiliary_Sphere</projcsn></coordRef><lineage><Process ToolSource="c:\program files (x86)\arcgis\desktop10.6\ArcToolbox\Toolboxes\Data Management Tools.tbx\Merge" Date="20180702" Time="131251">Merge NewDevices_1;OldDevices_1 "C:\Users\Aaron Birdy\Documents\PathVu\pathmet data\PathMeT 6_18 GDB\UpdatedData\Device_Data.gdb\Device_Data\Merged_Device_Data" "File "File" true true false 5 Text 0 0 ,First,#,NewDevices_1,File,-1,-1,OldDevices_1,File,-1,-1;Picture_Na "Picture_Na" true true false 36 Text 0 0 ,First,#,NewDevices_1,Picture_Na,-1,-1,OldDevices_1,Picture_Na,-1,-1;Picture_Di "Picture_Di" true true false 4 Long 0 0 ,First,#,NewDevices_1,Picture_Di,-1,-1,OldDevices_1,Picture_Di,-1,-1;Max_Roughn "Max_Roughn" true true false 8 Double 0 0 ,First,#,NewDevices_1,Max_Roughn,-1,-1,OldDevices_1,Max_Roughn,-1,-1;Max_Runnin "Max_Runnin" true true false 8 Double 0 0 ,First,#,NewDevices_1,Max_Runnin,-1,-1,OldDevices_1,Max_Runnin,-1,-1;Max_Cross_ "Max_Cross_" true true false 8 Double 0 0 ,First,#,NewDevices_1,Max_Cross_,-1,-1,OldDevices_1,Max_Cross_,-1,-1;Max_Trips_ "Max_Trips_" true true false 8 Double 0 0 ,First,#,NewDevices_1,Max_Trips_,-1,-1,OldDevices_1,Max_Trips_,-1,-1;Num_Trips "Num_Trips" true true false 4 Long 0 0 ,First,#,NewDevices_1,Num_Trips,-1,-1,OldDevices_1,Num_Trips,-1,-1;Max_Dep_in "Max_Dep_in" true true false 8 Double 0 0 ,First,#,NewDevices_1,Max_Dep_in,-1,-1,OldDevices_1,Max_Dep_in,-1,-1;Num_Dep "Num_Dep" true true false 4 Long 0 0 ,First,#,NewDevices_1,Num_Dep,-1,-1,OldDevices_1,Num_Dep,-1,-1;Overall_Le "Overall_Le" true true false 8 Double 0 0 ,First,#,NewDevices_1,Overall_Le,-1,-1,OldDevices_1,Overall_Le,-1,-1;Type "Type" true true false 8 Text 0 0 ,First,#,NewDevices_1,Type,-1,-1;Picture_fi "Picture_fi" true true false 143 Text 0 0 ,First,#,NewDevices_1,Picture_fi,-1,-1,OldDevices_1,Picture_fi,-1,-1;Segment_RA "Segment_RA" true true false 8 Double 0 0 ,First,#,NewDevices_1,Segment_RA,-1,-1;Run_RAI "Run_RAI" true true false 8 Double 0 0 ,First,#,NewDevices_1,Run_RAI,-1,-1;Flags "Flags" true true false 13 Text 0 0 ,First,#,NewDevices_1,Flags,-1,-1;Shape_Leng "Shape_Leng" true true false 8 Double 0 0 ,First,#,NewDevices_1,Shape_Leng,-1,-1,OldDevices_1,Shape_Leng,-1,-1;Shape_Length "Shape_Length" false true true 8 Double 0 0 ,First,#,NewDevices_1,Shape_Length,-1,-1,OldDevices_1,Shape_Length,-1,-1"</Process><Process ToolSource="c:\program files (x86)\arcgis\desktop10.6\ArcToolbox\Toolboxes\Data Management Tools.tbx\CalculateField" Date="20180702" Time="143305">CalculateField Merged_Device_Data PAI_test "[Max_Roughn] + [Max_Cross_]" VB #</Process><Process ToolSource="c:\program files (x86)\arcgis\desktop10.6\ArcToolbox\Toolboxes\Data Management Tools.tbx\AddField" Date="20180702" Time="160306">AddField Merged_Device_Data Test_PAI FLOAT # # # # NULLABLE NON_REQUIRED #</Process><Process ToolSource="c:\program files (x86)\arcgis\desktop10.6\ArcToolbox\Toolboxes\Data Management Tools.tbx\AddField" Date="20180703" Time="101446">AddField Merged_Device_Data Avg_CS FLOAT # # # # NULLABLE NON_REQUIRED #</Process><Process ToolSource="c:\program files (x86)\arcgis\desktop10.6\ArcToolbox\Toolboxes\Data Management Tools.tbx\AddField" Date="20180703" Time="101535">AddField Merged_Device_Data Avg_RS FLOAT # # # # NULLABLE NON_REQUIRED #</Process><Process ToolSource="c:\program files (x86)\arcgis\desktop10.6\ArcToolbox\Toolboxes\Data Management Tools.tbx\AddField" Date="20180703" Time="101617">AddField Merged_Device_Data Avg_RO FLOAT # # # # NULLABLE NON_REQUIRED #</Process><Process ToolSource="c:\program files (x86)\arcgis\desktop10.6\ArcToolbox\Toolboxes\Data Management Tools.tbx\AddField" Date="20180703" Time="102608">AddField Merged_Device_Data Avg_RO FLOAT # # # # NULLABLE NON_REQUIRED #</Process><Process ToolSource="c:\program files (x86)\arcgis\desktop10.6\ArcToolbox\Toolboxes\Data Management Tools.tbx\AddField" Date="20180703" Time="102730">AddField Merged_Device_Data Avg_RO FLOAT # # # # NULLABLE NON_REQUIRED #</Process><Process ToolSource="c:\program files (x86)\arcgis\desktop10.6\ArcToolbox\Toolboxes\Data Management Tools.tbx\AddField" Date="20180703" Time="103101">AddField Merged_Device_Data AVG_RO FLOAT # # # # NULLABLE NON_REQUIRED #</Process><Process ToolSource="c:\program files (x86)\arcgis\desktop10.6\ArcToolbox\Toolboxes\Data Management Tools.tbx\AddField" Date="20180703" Time="103228">AddField Merged_Device_Data RO_Avg FLOAT # # # # NULLABLE NON_REQUIRED #</Process><Process ToolSource="c:\program files (x86)\arcgis\desktop10.6\ArcToolbox\Toolboxes\Data Management Tools.tbx\CalculateField" Date="20180719" Time="130759">CalculateField Merged_Device_Data Avg_CS math.fsum( [!Max_Cross_!])/22552 PYTHON_9.3 #</Process><Process ToolSource="c:\program files (x86)\arcgis\desktop10.6\ArcToolbox\Toolboxes\Data Management Tools.tbx\CalculateField" Date="20180719" Time="194109">CalculateField Merged_Device_Data Test_PAI ( [Max_Roughn]+ [Max_Runnin]+ [Max_Cross_]+ [Max_Trips_])/( [Max_Roughn]* [Max_Runnin]* [Max_Cross_]* [Max_Trips_]) VB #</Process><Process ToolSource="c:\program files\arcgis\pro\Resources\ArcToolbox\toolboxes\Data Management Tools.tbx\CopyFeatures" Date="20180802" Time="100530">CopyFeatures Merged_Device_Data "C:\Users\Aaron Birdy\Documents\PathVu\arcgispro\density\Merged_Device_Data.shp" # # # #</Process><Process ToolSource="c:\program files\arcgis\pro\Resources\ArcToolbox\toolboxes\Data Management Tools.tbx\CalculateField" Date="20181010" Time="132200">CalculateField pathvu_operational.sde.Paths pai_65 !shape!.length "Python 3" #</Process><Process ToolSource="c:\program files\arcgis\pro\Resources\ArcToolbox\toolboxes\Data Management Tools.tbx\CalculateField" Date="20181010" Time="132600">CalculateField pathvu_operational.sde.Paths pai_65 ((3 * !max_trips!/6)+(!max_cross!/4)+(2*!max_running!/8)+(2*!max_roughness!/150)) "Python 3" #</Process><Process ToolSource="c:\program files\arcgis\pro\Resources\ArcToolbox\toolboxes\Data Management Tools.tbx\CalculateField" Date="20181010" Time="133007">CalculateField pathvu_operational.sde.Paths pai_65 ((math.abs(3 * !max_trips!/6))+math.abs((!max_cross!/4))+math.abs((2*!max_running!/8))+math.abs((2*!max_roughness!/150))) "Python 3" #</Process><Process ToolSource="c:\program files\arcgis\pro\Resources\ArcToolbox\toolboxes\Data Management Tools.tbx\CalculateField" Date="20181010" Time="133038">CalculateField pathvu_operational.sde.Paths pai_65 ((abs(3 * !max_trips!/6))+abs((!max_cross!/4))+abs((2*!max_running!/8))+abs((2*!max_roughness!/150))) "Python 3" #</Process><Process ToolSource="c:\program files\arcgis\pro\Resources\ArcToolbox\toolboxes\Data Management Tools.tbx\CalculateField" Date="20181010" Time="133602">CalculateField pathvu_operational.sde.Paths pai_65 ((abs(3 * !max_trips!/6))+abs((!max_cross!/4))+abs((2*!max_running!/8))+abs((2*!max_roughness!/150))) "Python 3" #</Process><Process ToolSource="c:\program files\arcgis\pro\Resources\ArcToolbox\toolboxes\Data Management Tools.tbx\CalculateField" Date="20181010" Time="134306">CalculateField pathvu_operational.sde.Paths pai_mwc ((abs(!max_trips!/5))+abs((!3*max_cross!/4))+abs((4*!max_running!/4))+abs((2*!max_roughness!/150))) "Python 3" #</Process><Process ToolSource="c:\program files\arcgis\pro\Resources\ArcToolbox\toolboxes\Data Management Tools.tbx\CalculateField" Date="20181010" Time="135409">CalculateField pathvu_operational.sde.Paths pai_mwc ((abs(!max_trips!/5))+abs((3*!max_cross!/4))+abs((4*!max_running!/4))+abs((2*!max_roughness!/150))) "Python 3" #</Process><Process ToolSource="c:\program files\arcgis\pro\Resources\ArcToolbox\toolboxes\Data Management Tools.tbx\CalculateField" Date="20181010" Time="140149">CalculateField pathvu_operational.sde.Paths pai_pwc ((abs(3*!max_trips!/3))+abs((2*!max_cross!/6))+abs((2*!max_running!/12))+abs((2*!max_roughness!/150))) "Python 3" #</Process><Process ToolSource="c:\program files\arcgis\pro\Resources\ArcToolbox\toolboxes\Data Management Tools.tbx\CalculateField" Date="20181010" Time="141040">CalculateField pathvu_operational.sde.Paths pai_walk ((abs(!max_trips!/12))+abs((!max_cross!/6))+abs((2*!max_running!/12))+abs((!max_roughness!/200))) "Python 3" #</Process><Process ToolSource="c:\program files\arcgis\pro\Resources\ArcToolbox\toolboxes\Data Management Tools.tbx\CalculateField" Date="20181010" Time="212200">CalculateField pathvu_operational.sde.Paths pai_vi ((abs(3*!max_trips!/12))+abs((!max_cross!/6))+abs((2*!max_running!/12))+abs((!max_roughness!/200))) "Python 3" #</Process><Process ToolSource="c:\program files (x86)\arcgis\desktop10.5\ArcToolbox\Toolboxes\Data Management Tools.tbx\CalculateField" Date="20181203" Time="113048">CalculateField pathvu_operational.sde.Paths street_name "LIBERTY AVE" VB #</Process><Process ToolSource="c:\program files\arcgis\pro\Resources\ArcToolbox\toolboxes\Data Management Tools.tbx\CalculateField" Date="20190218" Time="220034">CalculateField pathvu_operational.sde.Paths street_name "name (!street_name!)" "Python 3" "def name(street_name):\n    return street_name.split("")[1]"</Process><Process ToolSource="c:\program files\arcgis\pro\Resources\ArcToolbox\toolboxes\Data Management Tools.tbx\CalculateField" Date="20190218" Time="220120">CalculateField pathvu_operational.sde.Paths street_name name(!street_name!) "Python 3" "def name(street_name):\n    return street_name.split("")[1]"</Process><Process ToolSource="c:\program files\arcgis\pro\Resources\ArcToolbox\toolboxes\Data Management Tools.tbx\CalculateField" Date="20190218" Time="220134">CalculateField pathvu_operational.sde.Paths street_name name(!street_name!) "Python 3" "def name(street_name):\n    return street_name.split()[1]"</Process><Process ToolSource="c:\program files\arcgis\pro\Resources\ArcToolbox\toolboxes\Data Management Tools.tbx\CalculateField" Date="20190218" Time="220434">CalculateField pathvu_operational.sde.Paths street_name name(!street_name!) "Python 3" "def name(street_name,abr):\n    abr=street_name.split()[1]\n    return abr"</Process><Process ToolSource="c:\program files\arcgis\pro\Resources\ArcToolbox\toolboxes\Data Management Tools.tbx\CalculateField" Date="20190218" Time="220505">CalculateField pathvu_operational.sde.Paths street_name name(!street_name!,!abr!) "Python 3" "def name(street_name,abr):\n    abr=street_name.split()[1]\n    return abr"</Process><Process ToolSource="c:\program files\arcgis\pro\Resources\ArcToolbox\toolboxes\Data Management Tools.tbx\CalculateField" Date="20190218" Time="220523">CalculateField pathvu_operational.sde.Paths street_name name(!street_name!,!abr!) "Python 3" "def name(street_name,abr):\n    abr=street_name.split()[1]\n    return abr"</Process><Process ToolSource="c:\program files\arcgis\pro\Resources\ArcToolbox\toolboxes\Data Management Tools.tbx\CalculateField" Date="20190218" Time="220551">CalculateField pathvu_operational.sde.Paths street_name name(!street_name!) "Python 3" "def name(street_name,abr):\n    abr=street_name.split()[1]\n    return abr"</Process><Process ToolSource="c:\program files\arcgis\pro\Resources\ArcToolbox\toolboxes\Data Management Tools.tbx\CalculateField" Date="20190218" Time="220735">CalculateField pathvu_operational.sde.Paths street_name name(!street_name!) "Python 3" "def name(street_namE):\n    abr=street_name.split()[1]\n    return"</Process><Process ToolSource="c:\program files\arcgis\pro\Resources\ArcToolbox\toolboxes\Data Management Tools.tbx\CalculateField" Date="20190218" Time="220853">CalculateField pathvu_operational.sde.Paths street_name name(!street_name!) "Python 3" "def name(street_namE):\n    abr=str(street_name.split()[1])\n    return abr"</Process><Process ToolSource="c:\program files\arcgis\pro\Resources\ArcToolbox\toolboxes\Data Management Tools.tbx\CalculateField" Date="20190218" Time="220912">CalculateField pathvu_operational.sde.Paths street_name name(!street_name!) "Python 3" "def name(street_name):\n    abr=street_name.split()[1]\n    return abr"</Process><Process ToolSource="c:\program files\arcgis\pro\Resources\ArcToolbox\toolboxes\Data Management Tools.tbx\CalculateField" Date="20190218" Time="221518">CalculateField pathvu_operational.sde.Paths street_name name(!street_name!) "Python 3" "def name(street_name):\n    abr=street_name.split()[1]\n    if abr=="AVE":\n     return "AVENUE""</Process><Process ToolSource="c:\program files\arcgis\pro\Resources\ArcToolbox\toolboxes\Data Management Tools.tbx\CalculateField" Date="20190218" Time="221603">CalculateField pathvu_operational.sde.Paths street_name name(!street_name!) "Python 3" "def name(street_name):\n    abr=street_name.split()[1]\n    if abr=="AVE":\n     return "AVENUE""</Process><Process ToolSource="c:\program files\arcgis\pro\Resources\ArcToolbox\toolboxes\Data Management Tools.tbx\CalculateField" Date="20190218" Time="221613">CalculateField pathvu_operational.sde.Paths street_name name(!street_name!) "Python 3" "def name(street_name):\n    abr=street_name.split()[1]\n    if abr=="AVE":\n     return "AVENUE""</Process><Process ToolSource="c:\program files\arcgis\pro\Resources\ArcToolbox\toolboxes\Data Management Tools.tbx\CalculateField" Date="20190218" Time="221630">CalculateField pathvu_operational.sde.Paths street_name name(!street_name!) "Python 3" "def name(street_name):\n    abr=street_name.split()[1]\n    if abr=="ave":\n     return "AVENUE""</Process><Process ToolSource="c:\program files\arcgis\pro\Resources\ArcToolbox\toolboxes\Data Management Tools.tbx\CalculateField" Date="20190218" Time="221750">CalculateField pathvu_operational.sde.Paths street_name name(!street_name!) "Python 3" "def name(street_name):\n    abr=street_name.split()[1]\n    if abr=="ave":\n     return street_name.split()[0] + "AVENUE""</Process><Process ToolSource="c:\program files\arcgis\pro\Resources\ArcToolbox\toolboxes\Data Management Tools.tbx\CalculateField" Date="20190218" Time="221807">CalculateField pathvu_operational.sde.Paths street_name name(!street_name!) "Python 3" "def name(street_name):\n    abr=street_name.split()[1]\n    if abr=="AVE":\n     return street_name.split()[0] + "AVENUE""</Process><Process ToolSource="c:\program files\arcgis\pro\Resources\ArcToolbox\toolboxes\Data Management Tools.tbx\CalculateField" Date="20190218" Time="221909">CalculateField pathvu_operational.sde.Paths street_name name(!street_name!) "Python 3" "def name(street_name):\n    abr=street_name.split()[1]\n    if abr=="AVE":\n     return street_name.split()[0] + " AVENUE" + "" + street_name.split()[2]"</Process><Process ToolSource="c:\program files\arcgis\pro\Resources\ArcToolbox\toolboxes\Data Management Tools.tbx\CalculateField" Date="20190218" Time="221926">CalculateField pathvu_operational.sde.Paths street_name name(!street_name!) "Python 3" "def name(street_name):\n    abr=street_name.split()[1]\n    if abr=="AVE":\n     return street_name.split()[0] + " AVENUE" + """</Process><Process ToolSource="c:\program files\arcgis\pro\Resources\ArcToolbox\toolboxes\Data Management Tools.tbx\CalculateField" Date="20190218" Time="222150">CalculateField pathvu_operational.sde.Paths street_name name(!street_name!) "Python 3" "def name(street_name):\n    abr=street_name.split()[1]\n    if abr=="AVE":\n     return street_name.split()[0] + " AVENUE" + ""\n    else:\n     return street_name"</Process><Process ToolSource="c:\program files\arcgis\pro\Resources\ArcToolbox\toolboxes\Data Management Tools.tbx\CalculateField" Date="20190218" Time="222156">CalculateField pathvu_operational.sde.Paths street_name name(!street_name!) "Python 3" "def name(street_name):\n    abr=street_name.split()[1]\n    if abr=="AVE":\n     return street_name.split()[0] + " AVENUE" + ""\n    else:\n     return street_name"</Process><Process ToolSource="c:\program files\arcgis\pro\Resources\ArcToolbox\toolboxes\Data Management Tools.tbx\CalculateField" Date="20190218" Time="222250">CalculateField pathvu_operational.sde.Paths street_name name(!street_name!) "Python 3" "def name(street_name):\n    abr0=street_name.split()[0]\n    abr=street_name.split()[1]\n    if abr=="AVE":\n     return abr0 + " AVENUE"\n    else:\n     return street_name"</Process><Process ToolSource="c:\program files\arcgis\pro\Resources\ArcToolbox\toolboxes\Data Management Tools.tbx\CalculateField" Date="20190218" Time="223117">CalculateField pathvu_operational.sde.Paths street_name name(!street_name!) "Python 3" "def name(street_name):\n    abr0=street_name.split()[0]\n    abr=street_name.split()[1]\n    if abr=="AVE":\n     return abr0 + " AVENUE"\n    elif abr=="PL":\n     return abr0 + " PLACE"\n    elif abr=="ST":\n     return abr0 + " STREET"\n    elif abr=="CT":\n     return abr0 + " COURT"\n    elif abr=="RD":\n     return abr0 + " ROAD"\n    elif abr=="BLVD":\n     return abr0 + " BOULEVARD"\n    elif abr=="HWY":\n     return abr0 + " HIGHWAY"\n    else:\n     return street_name"</Process><Process ToolSource="c:\program files\arcgis\pro\Resources\ArcToolbox\toolboxes\Data Management Tools.tbx\CalculateField" Date="20190218" Time="223627">CalculateField pathvu_operational.sde.Paths street_name name(!street_name!) "Python 3" "def name(street_name):\n    abr0=street_name.split()[0]\n    abr1=street_name.split()[1]\n    abr2=street_name.split()[2]\n    if abr2=="AVE":\n     return abr0 + abr1 + " AVENUE"\n    elif abr2=="PL":\n     return abr0 + abr1 + " PLACE"\n    elif abr2=="ST":\n     return abr0 + abr1 + " STREET"\n    elif abr2=="CT":\n     return abr0 + abr1 + " COURT"\n    elif abr2=="RD":\n     return abr0 + " ROAD"\n    elif abr=="BLVD":\n     return abr0 + abr1 + " BOULEVARD"\n    elif abr2=="HWY":\n     return abr0 + abr2 + " HIGHWAY"\n    else:\n     return street_name"</Process><Process ToolSource="c:\program files\arcgis\pro\Resources\ArcToolbox\toolboxes\Data Management Tools.tbx\CalculateField" Date="20190218" Time="223748">CalculateField pathvu_operational.sde.Paths street_name name(!street_name!) "Python 3" "def name(street_name):\n    abr0=street_name.split()[0]\n    abr1=street_name.split()[1]\n    abr2=street_name.split()[2]\n    if abr2=="AVE":\n     return abr0 + "" + abr1 + " AVENUE"\n    elif abr2=="PL":\n     return abr0 + "" + abr1 + " PLACE"\n    elif abr2=="ST":\n     return abr0 + "" + abr1 + " STREET"\n    elif abr2=="CT":\n     return abr0 + "" + abr1 + " COURT"\n    elif abr2=="RD":\n     return abr0 + "" + abr1 + " ROAD"\n    elif abr=="BLVD":\n     return abr0 + "" + abr1 + " BOULEVARD"\n    elif abr2=="HWY":\n     return abr0 + "" + abr1 + " HIGHWAY"\n    else:\n     return street_name"</Process><Process ToolSource="c:\program files\arcgis\pro\Resources\ArcToolbox\toolboxes\Data Management Tools.tbx\CalculateField" Date="20190218" Time="223814">CalculateField pathvu_operational.sde.Paths street_name name(!street_name!) "Python 3" "def name(street_name):\n    abr0=street_name.split()[0]\n    abr1=street_name.split()[1]\n    abr2=street_name.split()[2]\n    if abr2=="AVE":\n     return abr0 + "" + abr1 + " AVENUE"\n    elif abr2=="PL":\n     return abr0 + "" + abr1 + " PLACE"\n    elif abr2=="ST":\n     return abr0 + "" + abr1 + " STREET"\n    elif abr2=="CT":\n     return abr0 + "" + abr1 + " COURT"\n    elif abr2=="RD":\n     return abr0 + "" + abr1 + " ROAD"\n    elif abr=="BLVD":\n     return abr0 + "" + abr1 + " BOULEVARD"\n    elif abr2=="HWY":\n     return abr0 + "" + abr1 + " HIGHWAY"\n    else:\n     return street_name"</Process><Process ToolSource="c:\program files\arcgis\pro\Resources\ArcToolbox\toolboxes\Data Management Tools.tbx\CalculateField" Date="20190218" Time="223849">CalculateField pathvu_operational.sde.Paths street_name name(!street_name!) "Python 3" "def name(street_name):\n    abr0=street_name.split()[0]\n    abr1=street_name.split()[1]\n    abr2=street_name.split()[2]\n    if abr2=="AVE":\n     return abr0 + " " + abr1 + " AVENUE"\n    elif abr2=="PL":\n     return abr0 + " " + abr1 + " PLACE"\n    elif abr2=="ST":\n     return abr0 + " " + abr1 + " STREET"\n    elif abr2=="CT":\n     return abr0 + " " + abr1 + " COURT"\n    elif abr2=="RD":\n     return abr0 + " " + abr1 + " ROAD"\n    elif abr=="BLVD":\n     return abr0 + " " + abr1 + " BOULEVARD"\n    elif abr2=="HWY":\n     return abr0 + " " + abr1 + " HIGHWAY"\n    else:\n     return street_name"</Process><Process ToolSource="c:\program files\arcgis\pro\Resources\ArcToolbox\toolboxes\Data Management Tools.tbx\CalculateField" Date="20190218" Time="224334">CalculateField pathvu_operational.sde.Paths street_name name(!street_name!) "Python 3" "def name(street_name):\n    abr0=street_name.split()[0]\n    abr1=street_name.split()[1]\n    abr2=street_name.split()[2]\n    if abr2=="AVE":\n     return abr0 + " " + abr1 + " AVENUE"\n    elif abr2=="PL":\n     return abr0 + " " + abr1 + " PLACE"\n    elif abr2=="ST":\n     return abr0 + " " + abr1 + " STREET"\n    elif abr2=="CT":\n     return abr0 + " " + abr1 + " COURT"\n    elif abr2=="RD":\n     return abr0 + " " + abr1 + " ROAD"\n    elif abr=="BLVD":\n     return abr0 + " " + abr1 + " BOULEVARD"\n    elif abr2=="HWY":\n     return abr0 + " " + abr1 + " HIGHWAY"\n    else:\n     return street_name"</Process><Process ToolSource="c:\program files\arcgis\pro\Resources\ArcToolbox\toolboxes\Data Management Tools.tbx\CalculateField" Date="20190218" Time="230832">CalculateField pathvu_operational.sde.Paths street_name name(!street_name!) "Python 3" "def name(street_name):\n    abr0=street_name.split()[0]\n    abr1=street_name.split()[1]\n    abr2=street_name.split()[2]\n    if abr0=="N":\n     return "NORTH " + abr1 + " " + abr2\n    elif abr0=="S":\n     return "SOUTH " + abr1 + " " + abr2\n    else:\n     return street_name\n"</Process><Process ToolSource="c:\program files\arcgis\pro\Resources\ArcToolbox\toolboxes\Data Management Tools.tbx\UpdateSchema" Date="20190423" Time="090750">UpdateSchema "CIMDATA=&lt;CIMFeatureDatasetDataConnection xsi:type='typens:CIMFeatureDatasetDataConnection' xmlns:xsi='http://www.w3.org/2001/XMLSchema-instance' xmlns:xs='http://www.w3.org/2001/XMLSchema' xmlns:typens='http://www.esri.com/schemas/ArcGIS/2.2.0'&gt;&lt;FeatureDataset&gt;pathvu_operational.sde.pathVu_Routing&lt;/FeatureDataset&gt;&lt;WorkspaceConnectionString&gt;ENCRYPTED_PASSWORD=00022e6857774f553750613973457a3255634134727932546977683138515236792f44423773624f366641396843673d2a00;SERVER=pathvuas3;INSTANCE=sde:postgresql:pathvuas3;DBCLIENT=postgresql;DB_CONNECTION_PROPERTIES=pathvuas3;DATABASE=pathvu_operational;USER=sde;VERSION=sde.DEFAULT;AUTHENTICATION_MODE=DBMS&lt;/WorkspaceConnectionString&gt;&lt;WorkspaceFactory&gt;SDE&lt;/WorkspaceFactory&gt;&lt;Dataset&gt;pathvu_operational.sde.Paths&lt;/Dataset&gt;&lt;DatasetType&gt;esriDTFeatureClass&lt;/DatasetType&gt;&lt;/CIMFeatureDatasetDataConnection&gt;" &lt;operationSequence&gt;&lt;workflow&gt;&lt;AddField&gt;&lt;field_name&gt;type&lt;/field_name&gt;&lt;field_type&gt;TEXT&lt;/field_type&gt;&lt;field_precision&gt;0&lt;/field_precision&gt;&lt;field_length&gt;255&lt;/field_length&gt;&lt;field_alias&gt;Type&lt;/field_alias&gt;&lt;field_is_nullable&gt;True&lt;/field_is_nullable&gt;&lt;field_is_required&gt;False&lt;/field_is_required&gt;&lt;/AddField&gt;&lt;/workflow&gt;&lt;/operationSequence&gt;</Process><Process ToolSource="c:\program files\arcgis\pro\Resources\ArcToolbox\toolboxes\Data Management Tools.tbx\UpdateSchema" Date="20190423" Time="090814">UpdateSchema "CIMDATA=&lt;CIMFeatureDatasetDataConnection xsi:type='typens:CIMFeatureDatasetDataConnection' xmlns:xsi='http://www.w3.org/2001/XMLSchema-instance' xmlns:xs='http://www.w3.org/2001/XMLSchema' xmlns:typens='http://www.esri.com/schemas/ArcGIS/2.2.0'&gt;&lt;FeatureDataset&gt;pathvu_operational.sde.pathVu_Routing&lt;/FeatureDataset&gt;&lt;WorkspaceConnectionString&gt;ENCRYPTED_PASSWORD=00022e6857774f553750613973457a3255634134727932546977683138515236792f44423773624f366641396843673d2a00;SERVER=pathvuas3;INSTANCE=sde:postgresql:pathvuas3;DBCLIENT=postgresql;DB_CONNECTION_PROPERTIES=pathvuas3;DATABASE=pathvu_operational;USER=sde;VERSION=sde.DEFAULT;AUTHENTICATION_MODE=DBMS&lt;/WorkspaceConnectionString&gt;&lt;WorkspaceFactory&gt;SDE&lt;/WorkspaceFactory&gt;&lt;Dataset&gt;pathvu_operational.sde.Paths&lt;/Dataset&gt;&lt;DatasetType&gt;esriDTFeatureClass&lt;/DatasetType&gt;&lt;/CIMFeatureDatasetDataConnection&gt;" &lt;operationSequence&gt;&lt;workflow&gt;&lt;AddField&gt;&lt;field_name&gt;type&lt;/field_name&gt;&lt;field_type&gt;TEXT&lt;/field_type&gt;&lt;field_precision&gt;0&lt;/field_precision&gt;&lt;field_length&gt;255&lt;/field_length&gt;&lt;field_alias&gt;Type&lt;/field_alias&gt;&lt;field_is_nullable&gt;True&lt;/field_is_nullable&gt;&lt;field_is_required&gt;False&lt;/field_is_required&gt;&lt;/AddField&gt;&lt;/workflow&gt;&lt;/operationSequence&gt;</Process><Process ToolSource="c:\program files\arcgis\pro\Resources\ArcToolbox\toolboxes\Data Management Tools.tbx\UpdateSchema" Date="20190423" Time="091528">UpdateSchema "CIMDATA=&lt;CIMFeatureDatasetDataConnection xsi:type='typens:CIMFeatureDatasetDataConnection' xmlns:xsi='http://www.w3.org/2001/XMLSchema-instance' xmlns:xs='http://www.w3.org/2001/XMLSchema' xmlns:typens='http://www.esri.com/schemas/ArcGIS/2.2.0'&gt;&lt;FeatureDataset&gt;pathvu_operational.sde.pathVu_Routing&lt;/FeatureDataset&gt;&lt;WorkspaceConnectionString&gt;ENCRYPTED_PASSWORD=00022e6857774f553750613973457a3255634134727932546977683138515236792f44423773624f366641396843673d2a00;SERVER=pathvuas3;INSTANCE=sde:postgresql:pathvuas3;DBCLIENT=postgresql;DB_CONNECTION_PROPERTIES=pathvuas3;DATABASE=pathvu_operational;USER=sde;VERSION=sde.DEFAULT;AUTHENTICATION_MODE=DBMS&lt;/WorkspaceConnectionString&gt;&lt;WorkspaceFactory&gt;SDE&lt;/WorkspaceFactory&gt;&lt;Dataset&gt;pathvu_operational.sde.Paths&lt;/Dataset&gt;&lt;DatasetType&gt;esriDTFeatureClass&lt;/DatasetType&gt;&lt;/CIMFeatureDatasetDataConnection&gt;" &lt;operationSequence&gt;&lt;workflow&gt;&lt;AddField&gt;&lt;field_name&gt;type&lt;/field_name&gt;&lt;field_type&gt;TEXT&lt;/field_type&gt;&lt;field_precision&gt;0&lt;/field_precision&gt;&lt;field_length&gt;255&lt;/field_length&gt;&lt;field_alias&gt;Type&lt;/field_alias&gt;&lt;field_is_nullable&gt;True&lt;/field_is_nullable&gt;&lt;field_is_required&gt;False&lt;/field_is_required&gt;&lt;/AddField&gt;&lt;/workflow&gt;&lt;/operationSequence&gt;</Process><Process ToolSource="c:\program files\arcgis\pro\Resources\ArcToolbox\toolboxes\Data Management Tools.tbx\UpdateSchema" Date="20190423" Time="091554">UpdateSchema "CIMDATA=&lt;CIMFeatureDatasetDataConnection xsi:type='typens:CIMFeatureDatasetDataConnection' xmlns:xsi='http://www.w3.org/2001/XMLSchema-instance' xmlns:xs='http://www.w3.org/2001/XMLSchema' xmlns:typens='http://www.esri.com/schemas/ArcGIS/2.2.0'&gt;&lt;FeatureDataset&gt;pathvu_operational.sde.pathVu_Routing&lt;/FeatureDataset&gt;&lt;WorkspaceConnectionString&gt;ENCRYPTED_PASSWORD=00022e6857774f553750613973457a3255634134727932546977683138515236792f44423773624f366641396843673d2a00;SERVER=pathvuas3;INSTANCE=sde:postgresql:pathvuas3;DBCLIENT=postgresql;DB_CONNECTION_PROPERTIES=pathvuas3;DATABASE=pathvu_operational;USER=sde;VERSION=sde.DEFAULT;AUTHENTICATION_MODE=DBMS&lt;/WorkspaceConnectionString&gt;&lt;WorkspaceFactory&gt;SDE&lt;/WorkspaceFactory&gt;&lt;Dataset&gt;pathvu_operational.sde.Paths&lt;/Dataset&gt;&lt;DatasetType&gt;esriDTFeatureClass&lt;/DatasetType&gt;&lt;/CIMFeatureDatasetDataConnection&gt;" &lt;operationSequence&gt;&lt;workflow&gt;&lt;AddField&gt;&lt;field_name&gt;ctype&lt;/field_name&gt;&lt;field_type&gt;TEXT&lt;/field_type&gt;&lt;field_precision&gt;0&lt;/field_precision&gt;&lt;field_length&gt;255&lt;/field_length&gt;&lt;field_alias&gt;Type&lt;/field_alias&gt;&lt;field_is_nullable&gt;True&lt;/field_is_nullable&gt;&lt;field_is_required&gt;False&lt;/field_is_required&gt;&lt;/AddField&gt;&lt;/workflow&gt;&lt;/operationSequence&gt;</Process><Process ToolSource="c:\program files\arcgis\pro\Resources\ArcToolbox\toolboxes\Data Management Tools.tbx\UpdateSchema" Date="20190423" Time="091642">UpdateSchema "CIMDATA=&lt;CIMFeatureDatasetDataConnection xsi:type='typens:CIMFeatureDatasetDataConnection' xmlns:xsi='http://www.w3.org/2001/XMLSchema-instance' xmlns:xs='http://www.w3.org/2001/XMLSchema' xmlns:typens='http://www.esri.com/schemas/ArcGIS/2.2.0'&gt;&lt;FeatureDataset&gt;pathvu_operational.sde.pathVu_Routing&lt;/FeatureDataset&gt;&lt;WorkspaceConnectionString&gt;ENCRYPTED_PASSWORD=00022e6857774f553750613973457a3255634134727932546977683138515236792f44423773624f366641396843673d2a00;SERVER=pathvuas3;INSTANCE=sde:postgresql:pathvuas3;DBCLIENT=postgresql;DB_CONNECTION_PROPERTIES=pathvuas3;DATABASE=pathvu_operational;USER=sde;VERSION=sde.DEFAULT;AUTHENTICATION_MODE=DBMS&lt;/WorkspaceConnectionString&gt;&lt;WorkspaceFactory&gt;SDE&lt;/WorkspaceFactory&gt;&lt;Dataset&gt;pathvu_operational.sde.Paths&lt;/Dataset&gt;&lt;DatasetType&gt;esriDTFeatureClass&lt;/DatasetType&gt;&lt;/CIMFeatureDatasetDataConnection&gt;" &lt;operationSequence&gt;&lt;workflow&gt;&lt;AddField&gt;&lt;field_name&gt;type&lt;/field_name&gt;&lt;field_type&gt;TEXT&lt;/field_type&gt;&lt;field_precision&gt;0&lt;/field_precision&gt;&lt;field_length&gt;255&lt;/field_length&gt;&lt;field_alias&gt;Type&lt;/field_alias&gt;&lt;field_is_nullable&gt;True&lt;/field_is_nullable&gt;&lt;field_is_required&gt;False&lt;/field_is_required&gt;&lt;/AddField&gt;&lt;/workflow&gt;&lt;/operationSequence&gt;</Process><Process ToolSource="c:\program files\arcgis\pro\Resources\ArcToolbox\toolboxes\Data Management Tools.tbx\UpdateSchema" Date="20190423" Time="094206">UpdateSchema "CIMDATA=&lt;CIMFeatureDatasetDataConnection xsi:type='typens:CIMFeatureDatasetDataConnection' xmlns:xsi='http://www.w3.org/2001/XMLSchema-instance' xmlns:xs='http://www.w3.org/2001/XMLSchema' xmlns:typens='http://www.esri.com/schemas/ArcGIS/2.2.0'&gt;&lt;FeatureDataset&gt;pathvu_operational.sde.pathVu_Routing&lt;/FeatureDataset&gt;&lt;WorkspaceConnectionString&gt;ENCRYPTED_PASSWORD=00022e6857774f553750613973457a3255634134727932546977683138515236792f44423773624f366641396843673d2a00;SERVER=pathvuas3;INSTANCE=sde:postgresql:pathvuas3;DBCLIENT=postgresql;DB_CONNECTION_PROPERTIES=pathvuas3;DATABASE=pathvu_operational;USER=sde;VERSION=sde.DEFAULT;AUTHENTICATION_MODE=DBMS&lt;/WorkspaceConnectionString&gt;&lt;WorkspaceFactory&gt;SDE&lt;/WorkspaceFactory&gt;&lt;Dataset&gt;pathvu_operational.sde.Paths&lt;/Dataset&gt;&lt;DatasetType&gt;esriDTFeatureClass&lt;/DatasetType&gt;&lt;/CIMFeatureDatasetDataConnection&gt;" &lt;operationSequence&gt;&lt;workflow&gt;&lt;AddField&gt;&lt;field_name&gt;type&lt;/field_name&gt;&lt;field_type&gt;TEXT&lt;/field_type&gt;&lt;field_precision&gt;0&lt;/field_precision&gt;&lt;field_length&gt;255&lt;/field_length&gt;&lt;field_alias&gt;Type&lt;/field_alias&gt;&lt;field_is_nullable&gt;True&lt;/field_is_nullable&gt;&lt;field_is_required&gt;False&lt;/field_is_required&gt;&lt;/AddField&gt;&lt;/workflow&gt;&lt;/operationSequence&gt;</Process><Process ToolSource="c:\program files\arcgis\pro\Resources\ArcToolbox\toolboxes\Data Management Tools.tbx\UpdateSchema" Date="20190423" Time="094226">UpdateSchema "CIMDATA=&lt;CIMFeatureDatasetDataConnection xsi:type='typens:CIMFeatureDatasetDataConnection' xmlns:xsi='http://www.w3.org/2001/XMLSchema-instance' xmlns:xs='http://www.w3.org/2001/XMLSchema' xmlns:typens='http://www.esri.com/schemas/ArcGIS/2.2.0'&gt;&lt;FeatureDataset&gt;pathvu_operational.sde.pathVu_Routing&lt;/FeatureDataset&gt;&lt;WorkspaceConnectionString&gt;ENCRYPTED_PASSWORD=00022e6857774f553750613973457a3255634134727932546977683138515236792f44423773624f366641396843673d2a00;SERVER=pathvuas3;INSTANCE=sde:postgresql:pathvuas3;DBCLIENT=postgresql;DB_CONNECTION_PROPERTIES=pathvuas3;DATABASE=pathvu_operational;USER=sde;VERSION=sde.DEFAULT;AUTHENTICATION_MODE=DBMS&lt;/WorkspaceConnectionString&gt;&lt;WorkspaceFactory&gt;SDE&lt;/WorkspaceFactory&gt;&lt;Dataset&gt;pathvu_operational.sde.Paths&lt;/Dataset&gt;&lt;DatasetType&gt;esriDTFeatureClass&lt;/DatasetType&gt;&lt;/CIMFeatureDatasetDataConnection&gt;" &lt;operationSequence&gt;&lt;workflow&gt;&lt;AddField&gt;&lt;field_name&gt;type&lt;/field_name&gt;&lt;field_type&gt;TEXT&lt;/field_type&gt;&lt;field_precision&gt;0&lt;/field_precision&gt;&lt;field_length&gt;255&lt;/field_length&gt;&lt;field_alias&gt;Type&lt;/field_alias&gt;&lt;field_is_nullable&gt;True&lt;/field_is_nullable&gt;&lt;field_is_required&gt;False&lt;/field_is_required&gt;&lt;/AddField&gt;&lt;/workflow&gt;&lt;/operationSequence&gt;</Process><Process ToolSource="c:\program files\arcgis\pro\Resources\ArcToolbox\toolboxes\Data Management Tools.tbx\CalculateField" Date="20190702" Time="121611">CalculateField "eric\pathvu_operational.sde.Paths (eric)" path_type Crosswalk "Python 3" #</Process><Process ToolSource="c:\program files\arcgis\pro\Resources\ArcToolbox\toolboxes\Data Management Tools.tbx\CalculateField" Date="20190702" Time="121631">CalculateField "eric\pathvu_operational.sde.Paths (eric)" path_type "Crosswalk" "Python 3" #</Process><Process ToolSource="c:\program files\arcgis\pro\Resources\ArcToolbox\toolboxes\Data Management Tools.tbx\UpdateSchema" Date="20200329" Time="221236">UpdateSchema "CIMDATA=&lt;CIMFeatureDatasetDataConnection xsi:type='typens:CIMFeatureDatasetDataConnection' xmlns:xsi='http://www.w3.org/2001/XMLSchema-instance' xmlns:xs='http://www.w3.org/2001/XMLSchema' xmlns:typens='http://www.esri.com/schemas/ArcGIS/2.5.0'&gt;&lt;FeatureDataset&gt;pathvu_operational.sde.pathVu_Routing&lt;/FeatureDataset&gt;&lt;WorkspaceConnectionString&gt;ENCRYPTED_PASSWORD=00022e68766e506e46647164714f5230576248675276414358414c754c6771354f583035614a4a3164512f304949733d2a00;SERVER=pathvuas3;INSTANCE=sde:postgresql:pathvuas3;DBCLIENT=postgresql;DB_CONNECTION_PROPERTIES=pathvuas3;DATABASE=pathvu_operational;USER=sde;VERSION=sde.DEFAULT;AUTHENTICATION_MODE=DBMS&lt;/WorkspaceConnectionString&gt;&lt;WorkspaceFactory&gt;SDE&lt;/WorkspaceFactory&gt;&lt;Dataset&gt;pathvu_operational.sde.Paths&lt;/Dataset&gt;&lt;DatasetType&gt;esriDTFeatureClass&lt;/DatasetType&gt;&lt;/CIMFeatureDatasetDataConnection&gt;" &lt;operationSequence&gt;&lt;workflow&gt;&lt;DeleteField&gt;&lt;field_name&gt;start_x&lt;/field_name&gt;&lt;field_name&gt;start_y&lt;/field_name&gt;&lt;field_name&gt;mid_x&lt;/field_name&gt;&lt;field_name&gt;mid_y&lt;/field_name&gt;&lt;field_name&gt;end_x&lt;/field_name&gt;&lt;field_name&gt;end_y&lt;/field_name&gt;&lt;/DeleteField&gt;&lt;/workflow&gt;&lt;/operationSequence&gt;</Process><Process ToolSource="c:\program files\arcgis\pro\Resources\ArcToolbox\toolboxes\Data Management Tools.tbx\UpdateSchema" Date="20200329" Time="221341">UpdateSchema "CIMDATA=&lt;CIMFeatureDatasetDataConnection xsi:type='typens:CIMFeatureDatasetDataConnection' xmlns:xsi='http://www.w3.org/2001/XMLSchema-instance' xmlns:xs='http://www.w3.org/2001/XMLSchema' xmlns:typens='http://www.esri.com/schemas/ArcGIS/2.5.0'&gt;&lt;FeatureDataset&gt;pathvu_operational.sde.pathVu_Routing&lt;/FeatureDataset&gt;&lt;WorkspaceConnectionString&gt;ENCRYPTED_PASSWORD=00022e68766e506e46647164714f5230576248675276414358414c754c6771354f583035614a4a3164512f304949733d2a00;SERVER=pathvuas3;INSTANCE=sde:postgresql:pathvuas3;DBCLIENT=postgresql;DB_CONNECTION_PROPERTIES=pathvuas3;DATABASE=pathvu_operational;USER=sde;VERSION=sde.DEFAULT;AUTHENTICATION_MODE=DBMS&lt;/WorkspaceConnectionString&gt;&lt;WorkspaceFactory&gt;SDE&lt;/WorkspaceFactory&gt;&lt;Dataset&gt;pathvu_operational.sde.Paths&lt;/Dataset&gt;&lt;DatasetType&gt;esriDTFeatureClass&lt;/DatasetType&gt;&lt;/CIMFeatureDatasetDataConnection&gt;" &lt;operationSequence&gt;&lt;workflow&gt;&lt;DeleteField&gt;&lt;field_name&gt;start_x&lt;/field_name&gt;&lt;field_name&gt;mid_x&lt;/field_name&gt;&lt;field_name&gt;end_x&lt;/field_name&gt;&lt;field_name&gt;end_y&lt;/field_name&gt;&lt;/DeleteField&gt;&lt;/workflow&gt;&lt;/operationSequence&gt;</Process><Process ToolSource="c:\program files\arcgis\pro\Resources\ArcToolbox\toolboxes\Data Management Tools.tbx\UpdateSchema" Date="20200329" Time="221359">UpdateSchema "CIMDATA=&lt;CIMFeatureDatasetDataConnection xsi:type='typens:CIMFeatureDatasetDataConnection' xmlns:xsi='http://www.w3.org/2001/XMLSchema-instance' xmlns:xs='http://www.w3.org/2001/XMLSchema' xmlns:typens='http://www.esri.com/schemas/ArcGIS/2.5.0'&gt;&lt;FeatureDataset&gt;pathvu_operational.sde.pathVu_Routing&lt;/FeatureDataset&gt;&lt;WorkspaceConnectionString&gt;ENCRYPTED_PASSWORD=00022e68766e506e46647164714f5230576248675276414358414c754c6771354f583035614a4a3164512f304949733d2a00;SERVER=pathvuas3;INSTANCE=sde:postgresql:pathvuas3;DBCLIENT=postgresql;DB_CONNECTION_PROPERTIES=pathvuas3;DATABASE=pathvu_operational;USER=sde;VERSION=sde.DEFAULT;AUTHENTICATION_MODE=DBMS&lt;/WorkspaceConnectionString&gt;&lt;WorkspaceFactory&gt;SDE&lt;/WorkspaceFactory&gt;&lt;Dataset&gt;pathvu_operational.sde.Paths&lt;/Dataset&gt;&lt;DatasetType&gt;esriDTFeatureClass&lt;/DatasetType&gt;&lt;/CIMFeatureDatasetDataConnection&gt;" &lt;operationSequence&gt;&lt;workflow&gt;&lt;DeleteField&gt;&lt;field_name&gt;start_x&lt;/field_name&gt;&lt;/DeleteField&gt;&lt;/workflow&gt;&lt;/operationSequence&gt;</Process><Process ToolSource="c:\program files\arcgis\pro\Resources\ArcToolbox\toolboxes\Data Management Tools.tbx\UpdateSchema" Date="20200330" Time="135940">UpdateSchema "CIMDATA=&lt;CIMFeatureDatasetDataConnection xsi:type='typens:CIMFeatureDatasetDataConnection' xmlns:xsi='http://www.w3.org/2001/XMLSchema-instance' xmlns:xs='http://www.w3.org/2001/XMLSchema' xmlns:typens='http://www.esri.com/schemas/ArcGIS/2.5.0'&gt;&lt;FeatureDataset&gt;pathvu_operational.sde.pathVu_Routing&lt;/FeatureDataset&gt;&lt;WorkspaceConnectionString&gt;ENCRYPTED_PASSWORD=00022e68766e506e46647164714f5230576248675276414358414c754c6771354f583035614a4a3164512f304949733d2a00;SERVER=pathvuas3;INSTANCE=sde:postgresql:pathvuas3;DBCLIENT=postgresql;DB_CONNECTION_PROPERTIES=pathvuas3;DATABASE=pathvu_operational;USER=sde;VERSION=sde.DEFAULT;AUTHENTICATION_MODE=DBMS&lt;/WorkspaceConnectionString&gt;&lt;WorkspaceFactory&gt;SDE&lt;/WorkspaceFactory&gt;&lt;Dataset&gt;pathvu_operational.sde.Paths&lt;/Dataset&gt;&lt;DatasetType&gt;esriDTFeatureClass&lt;/DatasetType&gt;&lt;/CIMFeatureDatasetDataConnection&gt;" &lt;operationSequence&gt;&lt;workflow&gt;&lt;DeleteField&gt;&lt;field_name&gt;start_x&lt;/field_name&gt;&lt;field_name&gt;start_y&lt;/field_name&gt;&lt;field_name&gt;mid_x&lt;/field_name&gt;&lt;field_name&gt;mid_y&lt;/field_name&gt;&lt;field_name&gt;end_x&lt;/field_name&gt;&lt;field_name&gt;end_y&lt;/field_name&gt;&lt;/DeleteField&gt;&lt;/workflow&gt;&lt;/operationSequence&gt;</Process><Process ToolSource="c:\program files\arcgis\pro\Resources\ArcToolbox\toolboxes\Data Management Tools.tbx\UpdateSchema" Date="20200330" Time="142626">UpdateSchema "CIMDATA=&lt;CIMFeatureDatasetDataConnection xsi:type='typens:CIMFeatureDatasetDataConnection' xmlns:xsi='http://www.w3.org/2001/XMLSchema-instance' xmlns:xs='http://www.w3.org/2001/XMLSchema' xmlns:typens='http://www.esri.com/schemas/ArcGIS/2.5.0'&gt;&lt;FeatureDataset&gt;pathvu_operational.sde.pathVu_Routing&lt;/FeatureDataset&gt;&lt;WorkspaceConnectionString&gt;ENCRYPTED_PASSWORD=00022e68766e506e46647164714f5230576248675276414358414c754c6771354f583035614a4a3164512f304949733d2a00;SERVER=pathvuas3;INSTANCE=sde:postgresql:pathvuas3;DBCLIENT=postgresql;DB_CONNECTION_PROPERTIES=pathvuas3;DATABASE=pathvu_operational;USER=sde;VERSION=sde.DEFAULT;AUTHENTICATION_MODE=DBMS&lt;/WorkspaceConnectionString&gt;&lt;WorkspaceFactory&gt;SDE&lt;/WorkspaceFactory&gt;&lt;Dataset&gt;pathvu_operational.sde.Paths&lt;/Dataset&gt;&lt;DatasetType&gt;esriDTFeatureClass&lt;/DatasetType&gt;&lt;/CIMFeatureDatasetDataConnection&gt;" "&lt;operationSequence&gt;&lt;workflow&gt;&lt;AddField&gt;&lt;field_name&gt;surftype&lt;/field_name&gt;&lt;field_type&gt;TEXT&lt;/field_type&gt;&lt;field_precision&gt;0&lt;/field_precision&gt;&lt;field_scale&gt;0&lt;/field_scale&gt;&lt;field_length&gt;255&lt;/field_length&gt;&lt;field_alias&gt;Surface Type&lt;/field_alias&gt;&lt;field_is_nullable&gt;True&lt;/field_is_nullable&gt;&lt;field_is_required&gt;False&lt;/field_is_required&gt;&lt;field_domain&gt;PavementSurfaceType&lt;/field_domain&gt;&lt;/AddField&gt;&lt;/workflow&gt;&lt;workflow&gt;&lt;AddField&gt;&lt;field_name&gt;width&lt;/field_name&gt;&lt;field_type&gt;DOUBLE&lt;/field_type&gt;&lt;field_precision&gt;7&lt;/field_precision&gt;&lt;field_scale&gt;1&lt;/field_scale&gt;&lt;field_alias&gt;Width&lt;/field_alias&gt;&lt;field_is_nullable&gt;True&lt;/field_is_nullable&gt;&lt;field_is_required&gt;False&lt;/field_is_required&gt;&lt;field_default_value&gt;0&lt;/field_default_value&gt;&lt;/AddField&gt;&lt;/workflow&gt;&lt;workflow&gt;&lt;AddField&gt;&lt;field_name&gt;vertpos&lt;/field_name&gt;&lt;field_type&gt;TEXT&lt;/field_type&gt;&lt;field_precision&gt;0&lt;/field_precision&gt;&lt;field_scale&gt;0&lt;/field_scale&gt;&lt;field_length&gt;255&lt;/field_length&gt;&lt;field_alias&gt;VerticalPosition&lt;/field_alias&gt;&lt;field_is_nullable&gt;True&lt;/field_is_nullable&gt;&lt;field_is_required&gt;False&lt;/field_is_required&gt;&lt;field_domain&gt;VerticalPosition&lt;/field_domain&gt;&lt;/AddField&gt;&lt;/workflow&gt;&lt;workflow&gt;&lt;AddField&gt;&lt;field_name&gt;Obstruction&lt;/field_name&gt;&lt;field_type&gt;TEXT&lt;/field_type&gt;&lt;field_precision&gt;0&lt;/field_precision&gt;&lt;field_length&gt;255&lt;/field_length&gt;&lt;field_alias&gt;Obstruction Type&lt;/field_alias&gt;&lt;field_is_nullable&gt;True&lt;/field_is_nullable&gt;&lt;field_is_required&gt;False&lt;/field_is_required&gt;&lt;/AddField&gt;&lt;/workflow&gt;&lt;workflow&gt;&lt;AddField&gt;&lt;field_name&gt;CollectionStatus&lt;/field_name&gt;&lt;field_type&gt;TEXT&lt;/field_type&gt;&lt;field_precision&gt;0&lt;/field_precision&gt;&lt;field_length&gt;255&lt;/field_length&gt;&lt;field_alias&gt;Collection Status&lt;/field_alias&gt;&lt;field_is_nullable&gt;True&lt;/field_is_nullable&gt;&lt;field_is_required&gt;False&lt;/field_is_required&gt;&lt;/AddField&gt;&lt;/workflow&gt;&lt;workflow&gt;&lt;AddField&gt;&lt;field_name&gt;condition&lt;/field_name&gt;&lt;field_type&gt;TEXT&lt;/field_type&gt;&lt;field_precision&gt;0&lt;/field_precision&gt;&lt;field_scale&gt;0&lt;/field_scale&gt;&lt;field_length&gt;255&lt;/field_length&gt;&lt;field_alias&gt;Condition&lt;/field_alias&gt;&lt;field_is_nullable&gt;True&lt;/field_is_nullable&gt;&lt;field_is_required&gt;False&lt;/field_is_required&gt;&lt;field_domain&gt;Condition&lt;/field_domain&gt;&lt;/AddField&gt;&lt;/workflow&gt;&lt;workflow&gt;&lt;AddField&gt;&lt;field_name&gt;Comments&lt;/field_name&gt;&lt;field_type&gt;TEXT&lt;/field_type&gt;&lt;field_precision&gt;0&lt;/field_precision&gt;&lt;field_length&gt;255&lt;/field_length&gt;&lt;field_alias&gt;Comments&lt;/field_alias&gt;&lt;field_is_nullable&gt;True&lt;/field_is_nullable&gt;&lt;field_is_required&gt;False&lt;/field_is_required&gt;&lt;/AddField&gt;&lt;/workflow&gt;&lt;/operationSequence&gt;"</Process><Process ToolSource="c:\program files\arcgis\pro\Resources\ArcToolbox\toolboxes\Data Management Tools.tbx\CalculateField" Date="20200330" Time="212310">CalculateField pathvu_operational.sde.Paths path_type 'Sidewalk' PYTHON3 # Text</Process><Process ToolSource="c:\program files\arcgis\pro\Resources\ArcToolbox\toolboxes\Data Management Tools.tbx\CalculateField" Date="20200330" Time="212835">CalculateField pathvu_operational.sde.Paths path_type 'Crosswalk' PYTHON3 # Text</Process><Process ToolSource="c:\program files\arcgis\pro\Resources\ArcToolbox\toolboxes\Data Management Tools.tbx\CalculateField" Date="20200330" Time="213104">CalculateField pathvu_operational.sde.Paths path_type 'Crosswalk' PYTHON3 # Text</Process><Process ToolSource="c:\program files\arcgis\pro\Resources\ArcToolbox\toolboxes\Data Management Tools.tbx\CalculateField" Date="20200330" Time="213458">CalculateField pathvu_operational.sde.Paths path_type 'Curb Ramp' PYTHON3 # Text</Process><Process ToolSource="c:\program files\arcgis\pro\Resources\ArcToolbox\toolboxes\Data Management Tools.tbx\CalculateField" Date="20200330" Time="213738">CalculateField pathvu_operational.sde.Paths path_type 'Sidewalk' PYTHON3 # Text</Process><Process ToolSource="c:\program files\arcgis\pro\Resources\ArcToolbox\toolboxes\Data Management Tools.tbx\CalculateField" Date="20200330" Time="214330">CalculateField pathvu_operational.sde.Paths path_type 'Sidewalk' PYTHON3 # Text</Process><Process ToolSource="c:\program files\arcgis\pro\Resources\ArcToolbox\toolboxes\Data Management Tools.tbx\CalculateField" Date="20200330" Time="214446">CalculateField pathvu_operational.sde.Paths path_type 'Crosswalk' PYTHON3 # Text</Process><Process ToolSource="c:\program files\arcgis\pro\Resources\ArcToolbox\toolboxes\Data Management Tools.tbx\CalculateField" Date="20200330" Time="215341">CalculateField pathvu_operational.sde.Paths path_type 'Sidewalk' PYTHON3 # Text</Process><Process ToolSource="c:\program files\arcgis\pro\Resources\ArcToolbox\toolboxes\Data Management Tools.tbx\CalculateField" Date="20200331" Time="075122">CalculateField pathvu_operational.sde.Paths path_type 'Crossing' PYTHON3 # Text</Process><Process ToolSource="c:\program files\arcgis\pro\Resources\ArcToolbox\toolboxes\Data Management Tools.tbx\CalculateField" Date="20200331" Time="075513">CalculateField pathvu_operational.sde.Paths path_type 'Sidewalk' PYTHON3 # Text</Process><Process ToolSource="c:\program files\arcgis\pro\Resources\ArcToolbox\toolboxes\Data Management Tools.tbx\CalculateField" Date="20200331" Time="075840">CalculateField pathvu_operational.sde.Paths path_type 'Pathway' PYTHON3 # Text</Process><Process ToolSource="c:\program files\arcgis\pro\Resources\ArcToolbox\toolboxes\Data Management Tools.tbx\CalculateField" Date="20200331" Time="075934">CalculateField pathvu_operational.sde.Paths path_type 'Undetermined' PYTHON3 # Text</Process><Process ToolSource="c:\program files\arcgis\pro\Resources\ArcToolbox\toolboxes\Data Management Tools.tbx\UpdateSchema" Date="20200331" Time="092255">UpdateSchema "CIMDATA=&lt;CIMFeatureDatasetDataConnection xsi:type='typens:CIMFeatureDatasetDataConnection' xmlns:xsi='http://www.w3.org/2001/XMLSchema-instance' xmlns:xs='http://www.w3.org/2001/XMLSchema' xmlns:typens='http://www.esri.com/schemas/ArcGIS/2.5.0'&gt;&lt;FeatureDataset&gt;pathvu_operational.sde.pathVu_Routing&lt;/FeatureDataset&gt;&lt;WorkspaceConnectionString&gt;ENCRYPTED_PASSWORD=00022e68766e506e46647164714f5230576248675276414358414c754c6771354f583035614a4a3164512f304949733d2a00;SERVER=pathvuas3;INSTANCE=sde:postgresql:pathvuas3;DBCLIENT=postgresql;DB_CONNECTION_PROPERTIES=pathvuas3;DATABASE=pathvu_operational;USER=sde;VERSION=sde.DEFAULT;AUTHENTICATION_MODE=DBMS&lt;/WorkspaceConnectionString&gt;&lt;WorkspaceFactory&gt;SDE&lt;/WorkspaceFactory&gt;&lt;Dataset&gt;pathvu_operational.sde.Paths&lt;/Dataset&gt;&lt;DatasetType&gt;esriDTFeatureClass&lt;/DatasetType&gt;&lt;/CIMFeatureDatasetDataConnection&gt;" &lt;operationSequence&gt;&lt;workflow&gt;&lt;AssignDomainToField&gt;&lt;field_name&gt;obstruction&lt;/field_name&gt;&lt;domain_name&gt;ObstructionType&lt;/domain_name&gt;&lt;/AssignDomainToField&gt;&lt;/workflow&gt;&lt;workflow&gt;&lt;AssignDomainToField&gt;&lt;field_name&gt;collectionstatus&lt;/field_name&gt;&lt;domain_name&gt;CollectionStatus&lt;/domain_name&gt;&lt;/AssignDomainToField&gt;&lt;/workflow&gt;&lt;/operationSequence&gt;</Process><Process ToolSource="c:\program files\arcgis\pro\Resources\ArcToolbox\toolboxes\Data Management Tools.tbx\UpdateSchema" Date="20200331" Time="092549">UpdateSchema "CIMDATA=&lt;CIMFeatureDatasetDataConnection xsi:type='typens:CIMFeatureDatasetDataConnection' xmlns:xsi='http://www.w3.org/2001/XMLSchema-instance' xmlns:xs='http://www.w3.org/2001/XMLSchema' xmlns:typens='http://www.esri.com/schemas/ArcGIS/2.5.0'&gt;&lt;FeatureDataset&gt;pathvu_operational.sde.pathVu_Routing&lt;/FeatureDataset&gt;&lt;WorkspaceConnectionString&gt;ENCRYPTED_PASSWORD=00022e68766e506e46647164714f5230576248675276414358414c754c6771354f583035614a4a3164512f304949733d2a00;SERVER=pathvuas3;INSTANCE=sde:postgresql:pathvuas3;DBCLIENT=postgresql;DB_CONNECTION_PROPERTIES=pathvuas3;DATABASE=pathvu_operational;USER=sde;VERSION=sde.DEFAULT;AUTHENTICATION_MODE=DBMS&lt;/WorkspaceConnectionString&gt;&lt;WorkspaceFactory&gt;SDE&lt;/WorkspaceFactory&gt;&lt;Dataset&gt;pathvu_operational.sde.Paths&lt;/Dataset&gt;&lt;DatasetType&gt;esriDTFeatureClass&lt;/DatasetType&gt;&lt;/CIMFeatureDatasetDataConnection&gt;" &lt;operationSequence&gt;&lt;workflow&gt;&lt;AddField&gt;&lt;field_name&gt;streetname&lt;/field_name&gt;&lt;field_type&gt;TEXT&lt;/field_type&gt;&lt;field_precision&gt;0&lt;/field_precision&gt;&lt;field_scale&gt;0&lt;/field_scale&gt;&lt;field_length&gt;255&lt;/field_length&gt;&lt;field_alias&gt;StreetName&lt;/field_alias&gt;&lt;field_is_nullable&gt;True&lt;/field_is_nullable&gt;&lt;field_is_required&gt;False&lt;/field_is_required&gt;&lt;/AddField&gt;&lt;/workflow&gt;&lt;workflow&gt;&lt;AddField&gt;&lt;field_name&gt;pathtype&lt;/field_name&gt;&lt;field_type&gt;TEXT&lt;/field_type&gt;&lt;field_precision&gt;0&lt;/field_precision&gt;&lt;field_scale&gt;0&lt;/field_scale&gt;&lt;field_length&gt;255&lt;/field_length&gt;&lt;field_alias&gt;PathType&lt;/field_alias&gt;&lt;field_is_nullable&gt;True&lt;/field_is_nullable&gt;&lt;field_is_required&gt;False&lt;/field_is_required&gt;&lt;field_domain&gt;PathType&lt;/field_domain&gt;&lt;/AddField&gt;&lt;/workflow&gt;&lt;/operationSequence&gt;</Process><Process ToolSource="c:\program files\arcgis\pro\Resources\ArcToolbox\toolboxes\Data Management Tools.tbx\UpdateSchema" Date="20200331" Time="092621">UpdateSchema "CIMDATA=&lt;CIMFeatureDatasetDataConnection xsi:type='typens:CIMFeatureDatasetDataConnection' xmlns:xsi='http://www.w3.org/2001/XMLSchema-instance' xmlns:xs='http://www.w3.org/2001/XMLSchema' xmlns:typens='http://www.esri.com/schemas/ArcGIS/2.5.0'&gt;&lt;FeatureDataset&gt;pathvu_operational.sde.pathVu_Routing&lt;/FeatureDataset&gt;&lt;WorkspaceConnectionString&gt;ENCRYPTED_PASSWORD=00022e68766e506e46647164714f5230576248675276414358414c754c6771354f583035614a4a3164512f304949733d2a00;SERVER=pathvuas3;INSTANCE=sde:postgresql:pathvuas3;DBCLIENT=postgresql;DB_CONNECTION_PROPERTIES=pathvuas3;DATABASE=pathvu_operational;USER=sde;VERSION=sde.DEFAULT;AUTHENTICATION_MODE=DBMS&lt;/WorkspaceConnectionString&gt;&lt;WorkspaceFactory&gt;SDE&lt;/WorkspaceFactory&gt;&lt;Dataset&gt;pathvu_operational.sde.Paths&lt;/Dataset&gt;&lt;DatasetType&gt;esriDTFeatureClass&lt;/DatasetType&gt;&lt;/CIMFeatureDatasetDataConnection&gt;" &lt;operationSequence&gt;&lt;workflow&gt;&lt;AssignDomainToField&gt;&lt;field_name&gt;path_type&lt;/field_name&gt;&lt;domain_name&gt;PathType&lt;/domain_name&gt;&lt;/AssignDomainToField&gt;&lt;/workflow&gt;&lt;/operationSequence&gt;</Process><Process ToolSource="c:\program files\arcgis\pro\Resources\ArcToolbox\toolboxes\Data Management Tools.tbx\CalculateField" Date="20200331" Time="225328">CalculateField pathvu_operational.sde.Paths street_name !streetname! PYTHON3 # Text</Process><Process ToolSource="c:\program files\arcgis\pro\Resources\ArcToolbox\toolboxes\Data Management Tools.tbx\CalculateField" Date="20200331" Time="230324">CalculateField pathvu_operational.sde.Paths path_type !pathtype! PYTHON3 # Text</Process><Process ToolSource="c:\program files\arcgis\pro\Resources\ArcToolbox\toolboxes\Editing Tools.tbx\Snap" Date="20200402" Time="092752">Snap pathvu_operational.sde.Paths "pathvu_operational.sde.Paths END '10 Feet'"</Process><Process ToolSource="c:\program files\arcgis\pro\Resources\ArcToolbox\toolboxes\Editing Tools.tbx\Snap" Date="20200402" Time="093013">Snap pathvu_operational.sde.Paths "pathvu_operational.sde.Paths END '10 Feet'"</Process><Process ToolSource="c:\program files\arcgis\pro\Resources\ArcToolbox\toolboxes\Editing Tools.tbx\Snap" Date="20200402" Time="093031">Snap pathvu_operational.sde.Paths "pathvu_operational.sde.Paths END '30 Feet'"</Process><Process ToolSource="c:\program files\arcgis\pro\Resources\ArcToolbox\toolboxes\Editing Tools.tbx\Snap" Date="20200402" Time="094340">Snap pathvu_operational.sde.Paths "pathvu_operational.sde.Paths END '10 Feet'"</Process><Process ToolSource="c:\program files\arcgis\pro\Resources\ArcToolbox\toolboxes\Editing Tools.tbx\Snap" Date="20200402" Time="094806">Snap pathvu_operational.sde.Paths "pathvu_operational.sde.Paths END '10 Feet'"</Process><Process ToolSource="c:\program files\arcgis\pro\Resources\ArcToolbox\toolboxes\Editing Tools.tbx\Snap" Date="20200402" Time="094827">Snap pathvu_operational.sde.Paths "pathvu_operational.sde.Paths END '30 Feet'"</Process><Process ToolSource="c:\program files\arcgis\pro\Resources\ArcToolbox\toolboxes\Editing Tools.tbx\Snap" Date="20200402" Time="094838">Snap pathvu_operational.sde.Paths "pathvu_operational.sde.Paths END '50 Feet'"</Process><Process ToolSource="c:\program files\arcgis\pro\Resources\ArcToolbox\toolboxes\Editing Tools.tbx\Snap" Date="20200402" Time="094850">Snap pathvu_operational.sde.Paths "pathvu_operational.sde.Paths END '50 Feet'"</Process><Process ToolSource="c:\program files\arcgis\pro\Resources\ArcToolbox\toolboxes\Editing Tools.tbx\Snap" Date="20200402" Time="094937">Snap pathvu_operational.sde.Paths "pathvu_operational.sde.Paths END '50 Feet'"</Process><Process ToolSource="c:\program files\arcgis\pro\Resources\ArcToolbox\toolboxes\Editing Tools.tbx\Snap" Date="20200406" Time="215327">Snap pathvu_operational.sde.Paths "pathvu_operational.sde.Paths EDGE '10 Meters'"</Process><Process ToolSource="c:\program files\arcgis\pro\Resources\ArcToolbox\toolboxes\Editing Tools.tbx\Snap" Date="20200406" Time="221444">Snap pathvu_operational.sde.Paths "pathvu_operational.sde.Paths VERTEX '20 Meters'"</Process><Process ToolSource="c:\program files\arcgis\pro\Resources\ArcToolbox\toolboxes\Editing Tools.tbx\Snap" Date="20200406" Time="221510">Snap pathvu_operational.sde.Paths "pathvu_operational.sde.Paths EDGE '10 Meters'"</Process><Process ToolSource="c:\program files\arcgis\pro\Resources\ArcToolbox\toolboxes\Data Management Tools.tbx\CopyFeatures" Date="20200624" Time="141914">CopyFeatures pathvu_operational.sde.Paths "D:\GIS\Data\Portland OR\USDOT CLIN4\Paths_1.shp" # # # #</Process><Process ToolSource="c:\program files\arcgis\pro\Resources\ArcToolbox\toolboxes\Data Management Tools.tbx\Rename" Date="20200624" Time="142053">Rename "D:\GIS\Data\Portland OR\USDOT CLIN4\Paths_1.shp" "D:\GIS\Data\Portland OR\USDOT CLIN4\Paths.shp" ShapeFile</Process><Process ToolSource="c:\program files\arcgis\pro\Resources\ArcToolbox\toolboxes\Data Management Tools.tbx\DeleteField" Date="20200624" Time="142129">DeleteField Paths picture_di</Process><Process ToolSource="c:\program files\arcgis\pro\Resources\ArcToolbox\toolboxes\Data Management Tools.tbx\DeleteField" Date="20200624" Time="142141">DeleteField Paths max_roughn;max_runnin;max_cross</Process><Process ToolSource="c:\program files\arcgis\pro\Resources\ArcToolbox\toolboxes\Data Management Tools.tbx\DeleteField" Date="20200624" Time="142154">DeleteField Paths max_trips;direction</Process><Process ToolSource="c:\program files\arcgis\pro\Resources\ArcToolbox\toolboxes\Data Management Tools.tbx\DeleteField" Date="20200624" Time="142215">DeleteField Paths num_trips;max_dep;num_dep;overall_le;segment_ra;run_rai;picture_ur</Process><Process ToolSource="c:\program files\arcgis\pro\Resources\ArcToolbox\toolboxes\Data Management Tools.tbx\DeleteField" Date="20200624" Time="142309">DeleteField Paths cross_stre;file_name;picture_id;path_type;flags;picture_fi;created_us;created_da;last_edite;last_edi_1;pai_65;pai_mwc;pai_pwc;pai_walk;pai_vi;surftype;width;vertpos;obstructio;collection;condition;comments;streetname;pathtype</Process><Process ToolSource="c:\program files\arcgis\pro\Resources\ArcToolbox\toolboxes\Conversion Tools.tbx\FeatureClassToFeatureClass" Date="20200715" Time="125140">FeatureClassToFeatureClass Paths "D:\GIS\Data\Portland OR\CLIN4.gdb" Paths # "street_nam "street_nam" true true false 254 Text 0 0,First,#,Paths,street_nam,0,254;type "type" true true false 254 Text 0 0,First,#,Paths,type,0,254;globalid "globalid" true true false 38 Text 0 0,First,#,Paths,globalid,0,38;st_length_ "st_length_" true true false 19 Double 0 0,First,#,Paths,st_length_,-1,-1" #</Process><Process ToolSource="c:\program files\arcgis\pro\Resources\ArcToolbox\toolboxes\Data Management Tools.tbx\DeleteField" Date="20200715" Time="125455">DeleteField Paths st_length_</Process><Process ToolSource="c:\program files\arcgis\pro\Resources\ArcToolbox\toolboxes\Data Management Tools.tbx\CopyFeatures" Date="20200820" Time="224756">CopyFeatures Paths "D:\GIS\Data\Portland OR\USDOT CLIN4 8_20_20\Paths.shp" # # # #</Process></lineage></DataProperties><SyncDate>20200820</SyncDate><SyncTime>22475600</SyncTime><ModDate>20200820</ModDate><ModTime>22475600</ModTime></Esri><dataIdInfo><envirDesc Sync="TRUE">Microsoft Windows Server 2012 Version 6.2 (Build 9200) ; Esri ArcGIS 12.5.1.22081</envirDesc><dataLang><languageCode value="eng" Sync="TRUE"></languageCode><countryCode value="USA" Sync="TRUE"></countryCode></dataLang><idCitation><resTitle Sync="TRUE">Paths</resTitle><presForm><PresFormCd value="005" Sync="TRUE"></PresFormCd></presForm></idCitation><spatRpType><SpatRepTypCd value="001" Sync="TRUE"></SpatRepTypCd></spatRpType></dataIdInfo><mdLang><languageCode value="eng" Sync="TRUE"></languageCode><countryCode value="USA" Sync="TRUE"></countryCode></mdLang><mdChar><CharSetCd value="004" Sync="TRUE"></CharSetCd></mdChar><distInfo><distFormat><formatName Sync="TRUE">Shapefile</formatName></distFormat><distTranOps><transSize Sync="TRUE">0.000</transSize></distTranOps></distInfo><mdHrLv><ScopeCd value="005" Sync="TRUE"></ScopeCd></mdHrLv><mdHrLvName Sync="TRUE">dataset</mdHrLvName><refSysInfo><RefSystem><refSysID><identCode code="3857" Sync="TRUE"></identCode><idCodeSpace Sync="TRUE">EPSG</idCodeSpace><idVersion Sync="TRUE">8.8(9.3.1.2)</idVersion></refSysID></RefSystem></refSysInfo><spatRepInfo><VectSpatRep><geometObjs Name="Paths"><geoObjTyp><GeoObjTypCd value="002" Sync="TRUE"></GeoObjTypCd></geoObjTyp><geoObjCnt Sync="TRUE">0</geoObjCnt></geometObjs><topLvl><TopoLevCd value="001" Sync="TRUE"></TopoLevCd></topLvl></VectSpatRep></spatRepInfo><spdoinfo><ptvctinf><esriterm Name="Paths"><efeatyp Sync="TRUE">Simple</efeatyp><efeageom code="3" Sync="TRUE"></efeageom><esritopo Sync="TRUE">FALSE</esritopo><efeacnt Sync="TRUE">0</efeacnt><spindex Sync="TRUE">FALSE</spindex><linrefer Sync="TRUE">FALSE</linrefer></esriterm></ptvctinf></spdoinfo><eainfo><detailed Name="Paths"><enttyp><enttypl Sync="TRUE">Paths</enttypl><enttypt Sync="TRUE">Feature Class</enttypt><enttypc Sync="TRUE">0</enttypc></enttyp><attr><attrlabl Sync="TRUE">FID</attrlabl><attalias Sync="TRUE">FID</attalias><attrtype Sync="TRUE">OID</attrtype><attwidth Sync="TRUE">4</attwidth><atprecis Sync="TRUE">0</atprecis><attscale Sync="TRUE">0</attscale><attrdef Sync="TRUE">Internal feature number.</attrdef><attrdefs Sync="TRUE">Esri</attrdefs><attrdomv><udom Sync="TRUE">Sequential unique whole numbers that are automatically generated.</udom></attrdomv></attr><attr><attrlabl Sync="TRUE">Shape</attrlabl><attalias Sync="TRUE">Shape</attalias><attrtype Sync="TRUE">Geometry</attrtype><attwidth Sync="TRUE">0</attwidth><atprecis Sync="TRUE">0</atprecis><attscale Sync="TRUE">0</attscale><attrdef Sync="TRUE">Feature geometry.</attrdef><attrdefs Sync="TRUE">Esri</attrdefs><attrdomv><udom Sync="TRUE">Coordinates defining the features.</udom></attrdomv></attr><attr><attrlabl Sync="TRUE">Type</attrlabl><attalias Sync="TRUE">type</attalias><attrtype Sync="TRUE">String</attrtype><attwidth Sync="TRUE">254</attwidth><atprecis Sync="TRUE">0</atprecis><attscale Sync="TRUE">0</attscale></attr><attr><attrlabl Sync="TRUE">street_nam</attrlabl><attalias Sync="TRUE">street_nam</attalias><attrtype Sync="TRUE">String</attrtype><attwidth Sync="TRUE">254</attwidth><atprecis Sync="TRUE">0</atprecis><attscale Sync="TRUE">0</attscale></attr><attr><attrlabl Sync="TRUE">globalid</attrlabl><attalias Sync="TRUE">globalid</attalias><attrtype Sync="TRUE">String</attrtype><attwidth Sync="TRUE">38</attwidth><atprecis Sync="TRUE">0</atprecis><attscale Sync="TRUE">0</attscale></attr><attr><attrlabl Sync="TRUE">Shape_Leng</attrlabl><attalias Sync="TRUE">Shape_Leng</attalias><attrtype Sync="TRUE">Double</attrtype><attwidth Sync="TRUE">19</attwidth><atprecis Sync="TRUE">0</atprecis><attscale Sync="TRUE">0</attscale></attr></detailed></eainfo><mdDateSt Sync="TRUE">20200820</mdDateSt></metadata>
