<metadata xml:lang="en"><Esri><CreaDate>20200820</CreaDate><CreaTime>21065900</CreaTime><ArcGISFormat>1.0</ArcGISFormat><SyncOnce>FALSE</SyncOnce><DataProperties><itemProps><itemName Sync="TRUE">CLIN5_Bus_Stops</itemName><imsContentType Sync="TRUE">002</imsContentType><itemLocation><linkage Sync="TRUE">file://\\pathvufs8\enterprise_databases\GIS\Data\DDOT\USDOT CLIN5 8_28_20\CLIN5_Bus_Stops.shp</linkage><protocol Sync="TRUE">Local Area Network</protocol></itemLocation><itemSize Sync="TRUE">0.000</itemSize></itemProps><coordRef><type Sync="TRUE">Geographic</type><geogcsn Sync="TRUE">GCS_WGS_1984</geogcsn><csUnits Sync="TRUE">Angular Unit: Degree (0.017453)</csUnits><peXml Sync="TRUE">&lt;GeographicCoordinateSystem xsi:type='typens:GeographicCoordinateSystem' xmlns:xsi='http://www.w3.org/2001/XMLSchema-instance' xmlns:xs='http://www.w3.org/2001/XMLSchema' xmlns:typens='http://www.esri.com/schemas/ArcGIS/2.5.0'&gt;&lt;WKT&gt;GEOGCS[&amp;quot;GCS_WGS_1984&amp;quot;,DATUM[&amp;quot;D_WGS_1984&amp;quot;,SPHEROID[&amp;quot;WGS_1984&amp;quot;,6378137.0,298.257223563]],PRIMEM[&amp;quot;Greenwich&amp;quot;,0.0],UNIT[&amp;quot;Degree&amp;quot;,0.0174532925199433],AUTHORITY[&amp;quot;EPSG&amp;quot;,4326]]&lt;/WKT&gt;&lt;XOrigin&gt;-400&lt;/XOrigin&gt;&lt;YOrigin&gt;-400&lt;/YOrigin&gt;&lt;XYScale&gt;11258999068426.238&lt;/XYScale&gt;&lt;ZOrigin&gt;-100000&lt;/ZOrigin&gt;&lt;ZScale&gt;10000&lt;/ZScale&gt;&lt;MOrigin&gt;-100000&lt;/MOrigin&gt;&lt;MScale&gt;10000&lt;/MScale&gt;&lt;XYTolerance&gt;8.983152841195215e-09&lt;/XYTolerance&gt;&lt;ZTolerance&gt;0.001&lt;/ZTolerance&gt;&lt;MTolerance&gt;0.001&lt;/MTolerance&gt;&lt;HighPrecision&gt;true&lt;/HighPrecision&gt;&lt;LeftLongitude&gt;-180&lt;/LeftLongitude&gt;&lt;WKID&gt;4326&lt;/WKID&gt;&lt;LatestWKID&gt;4326&lt;/LatestWKID&gt;&lt;/GeographicCoordinateSystem&gt;</peXml></coordRef><lineage><Process ToolSource="c:\program files\arcgis\pro\Resources\ArcToolbox\toolboxes\Conversion Tools.tbx\FeatureClassToFeatureClass" Date="20200820" Time="210701">FeatureClassToFeatureClass Metro_Bus_Stops "C:\Users\eric.sinagra\Documents\ArcGIS\Projects\USDOT CLIN5\USDOT CLIN5.gdb" CLIN5_Bus_Stops # "OBJECTID "OBJECTID" true true false 5 Long 0 5,First,#,Metro_Bus_Stops,OBJECTID,-1,-1;EGIS_ID "EGIS_ID" true true false 7 Long 0 7,First,#,Metro_Bus_Stops,EGIS_ID,-1,-1;REG_ID "REG_ID" true true false 7 Long 0 7,First,#,Metro_Bus_Stops,REG_ID,-1,-1;BSTP_GEO_I "BSTP_GEO_I" true true false 5 Long 0 5,First,#,Metro_Bus_Stops,BSTP_GEO_I,-1,-1;BSTP_OPS_T "BSTP_OPS_T" true true false 3 Text 0 0,First,#,Metro_Bus_Stops,BSTP_OPS_T,0,3;BSTP_EFF_D "BSTP_EFF_D" true true false 8 Date 0 0,First,#,Metro_Bus_Stops,BSTP_EFF_D,-1,-1;BSTP_TCD "BSTP_TCD" true true false 3 Text 0 0,First,#,Metro_Bus_Stops,BSTP_TCD,0,3;AT_STR "AT_STR" true true false 45 Text 0 0,First,#,Metro_Bus_Stops,AT_STR,0,45;ON_STR "ON_STR" true true false 37 Text 0 0,First,#,Metro_Bus_Stops,ON_STR,0,37;BSTP_HDG "BSTP_HDG" true true false 3 Short 0 3,First,#,Metro_Bus_Stops,BSTP_HDG,-1,-1;BSTP_POS_T "BSTP_POS_T" true true false 3 Text 0 0,First,#,Metro_Bus_Stops,BSTP_POS_T,0,3;BSTP_LDC "BSTP_LDC" true true false 75 Text 0 0,First,#,Metro_Bus_Stops,BSTP_LDC,0,75;BSTP_MSG_T "BSTP_MSG_T" true true false 63 Text 0 0,First,#,Metro_Bus_Stops,BSTP_MSG_T,0,63;BSTP_LAT_L "BSTP_LAT_L" true true false 3 Text 0 0,First,#,Metro_Bus_Stops,BSTP_LAT_L,0,3;BSTP_INV_S "BSTP_INV_S" true true false 3 Text 0 0,First,#,Metro_Bus_Stops,BSTP_INV_S,0,3;BSTP_INV_1 "BSTP_INV_1" true true false 8 Date 0 0,First,#,Metro_Bus_Stops,BSTP_INV_1,-1,-1;BSTP_BNH_C "BSTP_BNH_C" true true false 2 Short 0 2,First,#,Metro_Bus_Stops,BSTP_BNH_C,-1,-1;BSTP_BST_T "BSTP_BST_T" true true false 3 Text 0 0,First,#,Metro_Bus_Stops,BSTP_BST_T,0,3;BSTP_IFC_O "BSTP_IFC_O" true true false 4 Text 0 0,First,#,Metro_Bus_Stops,BSTP_IFC_O,0,4;BSTP_HAS_B "BSTP_HAS_B" true true false 1 Text 0 0,First,#,Metro_Bus_Stops,BSTP_HAS_B,0,1;BSTP_HAS_P "BSTP_HAS_P" true true false 1 Text 0 0,First,#,Metro_Bus_Stops,BSTP_HAS_P,0,1;BSTP_HAS_1 "BSTP_HAS_1" true true false 1 Text 0 0,First,#,Metro_Bus_Stops,BSTP_HAS_1,0,1;BSTP_HAS_2 "BSTP_HAS_2" true true false 1 Text 0 0,First,#,Metro_Bus_Stops,BSTP_HAS_2,0,1;BSTP_PDP_S "BSTP_PDP_S" true true false 3 Text 0 0,First,#,Metro_Bus_Stops,BSTP_PDP_S,0,3;BSTP_PDP_M "BSTP_PDP_M" true true false 3 Text 0 0,First,#,Metro_Bus_Stops,BSTP_PDP_M,0,3;BSTP_PDP_O "BSTP_PDP_O" true true false 3 Text 0 0,First,#,Metro_Bus_Stops,BSTP_PDP_O,0,3;BSTP_PDP_H "BSTP_PDP_H" true true false 1 Text 0 0,First,#,Metro_Bus_Stops,BSTP_PDP_H,0,1;BSTP_HAS_3 "BSTP_HAS_3" true true false 1 Text 0 0,First,#,Metro_Bus_Stops,BSTP_HAS_3,0,1;BSTP_BDR_P "BSTP_BDR_P" true true false 1 Text 0 0,First,#,Metro_Bus_Stops,BSTP_BDR_P,0,1;BSTP_SWK_W "BSTP_SWK_W" true true false 2 Short 0 2,First,#,Metro_Bus_Stops,BSTP_SWK_W,-1,-1;BSTP_SWK_H "BSTP_SWK_H" true true false 1 Text 0 0,First,#,Metro_Bus_Stops,BSTP_SWK_H,0,1;BSTP_SWK_1 "BSTP_SWK_1" true true false 1 Text 0 0,First,#,Metro_Bus_Stops,BSTP_SWK_1,0,1;BSTP_SWK_S "BSTP_SWK_S" true true false 1 Text 0 0,First,#,Metro_Bus_Stops,BSTP_SWK_S,0,1;BSTP_SWK_O "BSTP_SWK_O" true true false 3 Text 0 0,First,#,Metro_Bus_Stops,BSTP_SWK_O,0,3;BSTP_SWK_I "BSTP_SWK_I" true true false 3 Text 0 0,First,#,Metro_Bus_Stops,BSTP_SWK_I,0,3;ONS_CRP_SL "ONS_CRP_SL" true true false 24 Double 15 23,First,#,Metro_Bus_Stops,ONS_CRP_SL,-1,-1;ONS_CRP "ONS_CRP" true true false 1 Text 0 0,First,#,Metro_Bus_Stops,ONS_CRP,0,1;OFS_CRP "OFS_CRP" true true false 1 Text 0 0,First,#,Metro_Bus_Stops,OFS_CRP,0,1;AT_STR_ABS "AT_STR_ABS" true true false 1 Text 0 0,First,#,Metro_Bus_Stops,AT_STR_ABS,0,1;AT_STR_OSS "AT_STR_OSS" true true false 1 Text 0 0,First,#,Metro_Bus_Stops,AT_STR_OSS,0,1;ONS_CWK "ONS_CWK" true true false 1 Text 0 0,First,#,Metro_Bus_Stops,ONS_CWK,0,1;OFS_CWK "OFS_CWK" true true false 1 Text 0 0,First,#,Metro_Bus_Stops,OFS_CWK,0,1;AT_STR_A_1 "AT_STR_A_1" true true false 1 Text 0 0,First,#,Metro_Bus_Stops,AT_STR_A_1,0,1;AT_STR_O_1 "AT_STR_O_1" true true false 1 Text 0 0,First,#,Metro_Bus_Stops,AT_STR_O_1,0,1;ON_STR_STS "ON_STR_STS" true true false 1 Text 0 0,First,#,Metro_Bus_Stops,ON_STR_STS,0,1;ON_STR_PDC "ON_STR_PDC" true true false 1 Text 0 0,First,#,Metro_Bus_Stops,ON_STR_PDC,0,1;AT_STR_PDC "AT_STR_PDC" true true false 1 Text 0 0,First,#,Metro_Bus_Stops,AT_STR_PDC,0,1;BSTP_PRK_R "BSTP_PRK_R" true true false 3 Text 0 0,First,#,Metro_Bus_Stops,BSTP_PRK_R,0,3;BSTP_NPK_Z "BSTP_NPK_Z" true true false 3 Short 0 3,First,#,Metro_Bus_Stops,BSTP_NPK_Z,-1,-1;CNF_NPK_SN "CNF_NPK_SN" true true false 1 Text 0 0,First,#,Metro_Bus_Stops,CNF_NPK_SN,0,1;STR_LGT_WT "STR_LGT_WT" true true false 1 Text 0 0,First,#,Metro_Bus_Stops,STR_LGT_WT,0,1;BSTP_HAS_L "BSTP_HAS_L" true true false 1 Text 0 0,First,#,Metro_Bus_Stops,BSTP_HAS_L,0,1;BSTP_ACC_R "BSTP_ACC_R" true true false 1 Text 0 0,First,#,Metro_Bus_Stops,BSTP_ACC_R,0,1;BSTP_BRDG_ "BSTP_BRDG_" true true false 1 Text 0 0,First,#,Metro_Bus_Stops,BSTP_BRDG_,0,1;BSTP_HAS_4 "BSTP_HAS_4" true true false 1 Text 0 0,First,#,Metro_Bus_Stops,BSTP_HAS_4,0,1;BSTP_HAS_5 "BSTP_HAS_5" true true false 1 Text 0 0,First,#,Metro_Bus_Stops,BSTP_HAS_5,0,1;METRO_ACCS "METRO_ACCS" true true false 1 Text 0 0,First,#,Metro_Bus_Stops,METRO_ACCS,0,1;BSTP_LON "BSTP_LON" true true false 24 Double 15 23,First,#,Metro_Bus_Stops,BSTP_LON,-1,-1;BSTP_LAT "BSTP_LAT" true true false 24 Double 15 23,First,#,Metro_Bus_Stops,BSTP_LAT,-1,-1" #</Process><Process ToolSource="c:\program files\arcgis\pro\Resources\ArcToolbox\toolboxes\Data Management Tools.tbx\UpdateSchema" Date="20200820" Time="211517">UpdateSchema "CIMDATA=&lt;CIMStandardDataConnection xsi:type='typens:CIMStandardDataConnection' xmlns:xsi='http://www.w3.org/2001/XMLSchema-instance' xmlns:xs='http://www.w3.org/2001/XMLSchema' xmlns:typens='http://www.esri.com/schemas/ArcGIS/2.5.0'&gt;&lt;WorkspaceConnectionString&gt;DATABASE=C:\Users\eric.sinagra\Documents\ArcGIS\Projects\USDOT CLIN5\USDOT CLIN5.gdb&lt;/WorkspaceConnectionString&gt;&lt;WorkspaceFactory&gt;FileGDB&lt;/WorkspaceFactory&gt;&lt;Dataset&gt;CLIN5_Bus_Stops&lt;/Dataset&gt;&lt;DatasetType&gt;esriDTFeatureClass&lt;/DatasetType&gt;&lt;/CIMStandardDataConnection&gt;" &lt;operationSequence&gt;&lt;workflow&gt;&lt;DeleteField&gt;&lt;field_name&gt;EGIS_ID&lt;/field_name&gt;&lt;field_name&gt;REG_ID&lt;/field_name&gt;&lt;field_name&gt;BSTP_GEO_I&lt;/field_name&gt;&lt;field_name&gt;BSTP_OPS_T&lt;/field_name&gt;&lt;field_name&gt;BSTP_EFF_D&lt;/field_name&gt;&lt;field_name&gt;BSTP_TCD&lt;/field_name&gt;&lt;field_name&gt;AT_STR&lt;/field_name&gt;&lt;field_name&gt;ON_STR&lt;/field_name&gt;&lt;field_name&gt;BSTP_HDG&lt;/field_name&gt;&lt;field_name&gt;BSTP_POS_T&lt;/field_name&gt;&lt;field_name&gt;BSTP_LDC&lt;/field_name&gt;&lt;field_name&gt;BSTP_MSG_T&lt;/field_name&gt;&lt;field_name&gt;BSTP_LAT_L&lt;/field_name&gt;&lt;field_name&gt;BSTP_INV_S&lt;/field_name&gt;&lt;field_name&gt;BSTP_INV_1&lt;/field_name&gt;&lt;field_name&gt;BSTP_BNH_C&lt;/field_name&gt;&lt;field_name&gt;BSTP_BST_T&lt;/field_name&gt;&lt;field_name&gt;BSTP_IFC_O&lt;/field_name&gt;&lt;field_name&gt;BSTP_HAS_B&lt;/field_name&gt;&lt;field_name&gt;BSTP_HAS_P&lt;/field_name&gt;&lt;field_name&gt;BSTP_HAS_1&lt;/field_name&gt;&lt;field_name&gt;BSTP_HAS_2&lt;/field_name&gt;&lt;field_name&gt;BSTP_PDP_S&lt;/field_name&gt;&lt;field_name&gt;BSTP_PDP_M&lt;/field_name&gt;&lt;field_name&gt;BSTP_PDP_O&lt;/field_name&gt;&lt;field_name&gt;BSTP_PDP_H&lt;/field_name&gt;&lt;field_name&gt;BSTP_HAS_3&lt;/field_name&gt;&lt;field_name&gt;BSTP_BDR_P&lt;/field_name&gt;&lt;field_name&gt;BSTP_SWK_W&lt;/field_name&gt;&lt;field_name&gt;BSTP_SWK_H&lt;/field_name&gt;&lt;field_name&gt;BSTP_SWK_1&lt;/field_name&gt;&lt;field_name&gt;BSTP_SWK_S&lt;/field_name&gt;&lt;field_name&gt;BSTP_SWK_O&lt;/field_name&gt;&lt;field_name&gt;BSTP_SWK_I&lt;/field_name&gt;&lt;field_name&gt;ONS_CRP_SL&lt;/field_name&gt;&lt;field_name&gt;ONS_CRP&lt;/field_name&gt;&lt;field_name&gt;OFS_CRP&lt;/field_name&gt;&lt;field_name&gt;AT_STR_ABS&lt;/field_name&gt;&lt;field_name&gt;AT_STR_OSS&lt;/field_name&gt;&lt;field_name&gt;ONS_CWK&lt;/field_name&gt;&lt;field_name&gt;OFS_CWK&lt;/field_name&gt;&lt;field_name&gt;AT_STR_A_1&lt;/field_name&gt;&lt;field_name&gt;AT_STR_O_1&lt;/field_name&gt;&lt;field_name&gt;ON_STR_STS&lt;/field_name&gt;&lt;field_name&gt;ON_STR_PDC&lt;/field_name&gt;&lt;field_name&gt;AT_STR_PDC&lt;/field_name&gt;&lt;field_name&gt;BSTP_PRK_R&lt;/field_name&gt;&lt;field_name&gt;BSTP_NPK_Z&lt;/field_name&gt;&lt;field_name&gt;CNF_NPK_SN&lt;/field_name&gt;&lt;field_name&gt;STR_LGT_WT&lt;/field_name&gt;&lt;field_name&gt;BSTP_HAS_L&lt;/field_name&gt;&lt;field_name&gt;BSTP_ACC_R&lt;/field_name&gt;&lt;field_name&gt;BSTP_BRDG_&lt;/field_name&gt;&lt;field_name&gt;BSTP_HAS_4&lt;/field_name&gt;&lt;field_name&gt;BSTP_HAS_5&lt;/field_name&gt;&lt;field_name&gt;METRO_ACCS&lt;/field_name&gt;&lt;field_name&gt;BSTP_LON&lt;/field_name&gt;&lt;field_name&gt;BSTP_LAT&lt;/field_name&gt;&lt;/DeleteField&gt;&lt;/workflow&gt;&lt;/operationSequence&gt;</Process><Process ToolSource="c:\program files\arcgis\pro\Resources\ArcToolbox\toolboxes\Data Management Tools.tbx\DeleteField" Date="20200820" Time="211529">DeleteField CLIN5_Bus_Stops OBJECTID</Process><Process ToolSource="c:\program files\arcgis\pro\Resources\ArcToolbox\toolboxes\Data Management Tools.tbx\UpdateSchema" Date="20200820" Time="211555">UpdateSchema "CIMDATA=&lt;CIMStandardDataConnection xsi:type='typens:CIMStandardDataConnection' xmlns:xsi='http://www.w3.org/2001/XMLSchema-instance' xmlns:xs='http://www.w3.org/2001/XMLSchema' xmlns:typens='http://www.esri.com/schemas/ArcGIS/2.5.0'&gt;&lt;WorkspaceConnectionString&gt;DATABASE=C:\Users\eric.sinagra\Documents\ArcGIS\Projects\USDOT CLIN5\USDOT CLIN5.gdb&lt;/WorkspaceConnectionString&gt;&lt;WorkspaceFactory&gt;FileGDB&lt;/WorkspaceFactory&gt;&lt;Dataset&gt;CLIN5_Bus_Stops&lt;/Dataset&gt;&lt;DatasetType&gt;esriDTFeatureClass&lt;/DatasetType&gt;&lt;/CIMStandardDataConnection&gt;" &lt;operationSequence&gt;&lt;workflow&gt;&lt;AddField&gt;&lt;field_name&gt;Latitude&lt;/field_name&gt;&lt;field_type&gt;DOUBLE&lt;/field_type&gt;&lt;field_alias&gt;Latitude&lt;/field_alias&gt;&lt;field_is_nullable&gt;True&lt;/field_is_nullable&gt;&lt;field_is_required&gt;False&lt;/field_is_required&gt;&lt;/AddField&gt;&lt;/workflow&gt;&lt;workflow&gt;&lt;AddField&gt;&lt;field_name&gt;Longitude&lt;/field_name&gt;&lt;field_type&gt;DOUBLE&lt;/field_type&gt;&lt;field_alias&gt;Longitude&lt;/field_alias&gt;&lt;field_is_nullable&gt;True&lt;/field_is_nullable&gt;&lt;field_is_required&gt;False&lt;/field_is_required&gt;&lt;/AddField&gt;&lt;/workflow&gt;&lt;/operationSequence&gt;</Process><Process ToolSource="c:\program files\arcgis\pro\Resources\ArcToolbox\toolboxes\Data Management Tools.tbx\UpdateSchema" Date="20200825" Time="123216">UpdateSchema "CIMDATA=&lt;CIMStandardDataConnection xsi:type='typens:CIMStandardDataConnection' xmlns:xsi='http://www.w3.org/2001/XMLSchema-instance' xmlns:xs='http://www.w3.org/2001/XMLSchema' xmlns:typens='http://www.esri.com/schemas/ArcGIS/2.5.0'&gt;&lt;WorkspaceConnectionString&gt;DATABASE=C:\Users\eric.sinagra\Documents\ArcGIS\Projects\USDOT CLIN5\USDOT CLIN5.gdb&lt;/WorkspaceConnectionString&gt;&lt;WorkspaceFactory&gt;FileGDB&lt;/WorkspaceFactory&gt;&lt;Dataset&gt;CLIN5_Bus_Stops&lt;/Dataset&gt;&lt;DatasetType&gt;esriDTFeatureClass&lt;/DatasetType&gt;&lt;/CIMStandardDataConnection&gt;" &lt;operationSequence&gt;&lt;workflow&gt;&lt;AddField&gt;&lt;field_name&gt;mode&lt;/field_name&gt;&lt;field_type&gt;TEXT&lt;/field_type&gt;&lt;field_length&gt;254&lt;/field_length&gt;&lt;field_alias&gt;Mode&lt;/field_alias&gt;&lt;field_is_nullable&gt;True&lt;/field_is_nullable&gt;&lt;field_is_required&gt;False&lt;/field_is_required&gt;&lt;/AddField&gt;&lt;/workflow&gt;&lt;workflow&gt;&lt;AddField&gt;&lt;field_name&gt;stop_type&lt;/field_name&gt;&lt;field_type&gt;TEXT&lt;/field_type&gt;&lt;field_length&gt;254&lt;/field_length&gt;&lt;field_alias&gt;Stop_type&lt;/field_alias&gt;&lt;field_is_nullable&gt;True&lt;/field_is_nullable&gt;&lt;field_is_required&gt;False&lt;/field_is_required&gt;&lt;/AddField&gt;&lt;/workflow&gt;&lt;/operationSequence&gt;</Process><Process ToolSource="c:\program files\arcgis\pro\Resources\ArcToolbox\toolboxes\Data Management Tools.tbx\CopyFeatures" Date="20200828" Time="145311">CopyFeatures CLIN5_Bus_Stops "D:\GIS\Data\DDOT\USDOT CLIN5 8_28_20\CLIN5_Bus_Stops.shp" # # # #</Process></lineage></DataProperties><SyncDate>20200828</SyncDate><SyncTime>14531100</SyncTime><ModDate>20200828</ModDate><ModTime>14531100</ModTime></Esri><dataIdInfo><envirDesc Sync="TRUE">Microsoft Windows Server 2012 Version 6.2 (Build 9200) ; Esri ArcGIS 12.5.1.22081</envirDesc><dataLang><languageCode value="eng" Sync="TRUE"></languageCode><countryCode value="USA" Sync="TRUE"></countryCode></dataLang><idCitation><resTitle Sync="TRUE">CLIN5_Bus_Stops</resTitle><presForm><PresFormCd value="005" Sync="TRUE"></PresFormCd></presForm></idCitation><spatRpType><SpatRepTypCd value="001" Sync="TRUE"></SpatRepTypCd></spatRpType></dataIdInfo><mdLang><languageCode value="eng" Sync="TRUE"></languageCode><countryCode value="USA" Sync="TRUE"></countryCode></mdLang><distInfo><distFormat><formatName Sync="TRUE">Shapefile</formatName></distFormat><distTranOps><transSize Sync="TRUE">0.000</transSize></distTranOps></distInfo><mdHrLv><ScopeCd value="005" Sync="TRUE"></ScopeCd></mdHrLv><mdHrLvName Sync="TRUE">dataset</mdHrLvName><refSysInfo><RefSystem><refSysID><identCode code="4326" Sync="TRUE"></identCode><idCodeSpace Sync="TRUE">EPSG</idCodeSpace><idVersion Sync="TRUE">6.14(3.0.1)</idVersion></refSysID></RefSystem></refSysInfo><spatRepInfo><VectSpatRep><geometObjs Name="CLIN5_Bus_Stops"><geoObjTyp><GeoObjTypCd value="004" Sync="TRUE"></GeoObjTypCd></geoObjTyp><geoObjCnt Sync="TRUE">0</geoObjCnt></geometObjs><topLvl><TopoLevCd value="001" Sync="TRUE"></TopoLevCd></topLvl></VectSpatRep></spatRepInfo><spdoinfo><ptvctinf><esriterm Name="CLIN5_Bus_Stops"><efeatyp Sync="TRUE">Simple</efeatyp><efeageom code="1" Sync="TRUE"></efeageom><esritopo Sync="TRUE">FALSE</esritopo><efeacnt Sync="TRUE">0</efeacnt><spindex Sync="TRUE">FALSE</spindex><linrefer Sync="TRUE">FALSE</linrefer></esriterm></ptvctinf></spdoinfo><eainfo><detailed Name="CLIN5_Bus_Stops"><enttyp><enttypl Sync="TRUE">CLIN5_Bus_Stops</enttypl><enttypt Sync="TRUE">Feature Class</enttypt><enttypc Sync="TRUE">0</enttypc></enttyp><attr><attrlabl Sync="TRUE">FID</attrlabl><attalias Sync="TRUE">FID</attalias><attrtype Sync="TRUE">OID</attrtype><attwidth Sync="TRUE">4</attwidth><atprecis Sync="TRUE">0</atprecis><attscale Sync="TRUE">0</attscale><attrdef Sync="TRUE">Internal feature number.</attrdef><attrdefs Sync="TRUE">Esri</attrdefs><attrdomv><udom Sync="TRUE">Sequential unique whole numbers that are automatically generated.</udom></attrdomv></attr><attr><attrlabl Sync="TRUE">Shape</attrlabl><attalias Sync="TRUE">Shape</attalias><attrtype Sync="TRUE">Geometry</attrtype><attwidth Sync="TRUE">0</attwidth><atprecis Sync="TRUE">0</atprecis><attscale Sync="TRUE">0</attscale><attrdef Sync="TRUE">Feature geometry.</attrdef><attrdefs Sync="TRUE">Esri</attrdefs><attrdomv><udom Sync="TRUE">Coordinates defining the features.</udom></attrdomv></attr><attr><attrlabl Sync="TRUE">Latitude</attrlabl><attalias Sync="TRUE">Latitude</attalias><attrtype Sync="TRUE">Double</attrtype><attwidth Sync="TRUE">19</attwidth><atprecis Sync="TRUE">0</atprecis><attscale Sync="TRUE">0</attscale></attr><attr><attrlabl Sync="TRUE">Longitude</attrlabl><attalias Sync="TRUE">Longitude</attalias><attrtype Sync="TRUE">Double</attrtype><attwidth Sync="TRUE">19</attwidth><atprecis Sync="TRUE">0</atprecis><attscale Sync="TRUE">0</attscale></attr><attr><attrlabl Sync="TRUE">mode</attrlabl><attalias Sync="TRUE">mode</attalias><attrtype Sync="TRUE">String</attrtype><attwidth Sync="TRUE">254</attwidth><atprecis Sync="TRUE">0</atprecis><attscale Sync="TRUE">0</attscale></attr><attr><attrlabl Sync="TRUE">stop_type</attrlabl><attalias Sync="TRUE">stop_type</attalias><attrtype Sync="TRUE">String</attrtype><attwidth Sync="TRUE">254</attwidth><atprecis Sync="TRUE">0</atprecis><attscale Sync="TRUE">0</attscale></attr></detailed></eainfo><mdDateSt Sync="TRUE">20200828</mdDateSt></metadata>
